,game_id,name
0,224517,Brass: Birmingham
1,161936,Pandemic Legacy: Season 1
2,174430,Gloomhaven
3,342942,Ark Nova
4,233078,Twilight Imperium: Fourth Edition
5,167791,Terraforming Mars
6,291457,Gloomhaven: Jaws of the Lion
7,316554,Dune: Imperium
8,115746,War of the Ring: Second Edition
9,187645,Star Wars: Rebellion
10,162886,Spirit Island
11,220308,Gaia Project
12,182028,Through the Ages: A New Story of Civilization
13,12333,Twilight Struggle
14,193738,Great Western Trail
15,169786,Scythe
16,84876,The Castles of Burgundy
17,173346,7 Wonders Duel
18,167355,Nemesis
19,28720,Brass: Lancashire
20,246900,Eclipse: Second Dawn for the Galaxy
21,124361,Concordia
22,177736,A Feast for Odin
23,266507,Clank!: Legacy – Acquisitions Incorporated
24,266192,Wingspan
25,120677,Terra Mystica
26,205637,Arkham Horror: The Card Game
27,237182,Root
28,312484,Lost Ruins of Arnak
29,164928,Orléans
30,199792,Everdell
31,96848,Mage Knight Board Game
32,183394,Viticulture Essential Edition
33,341169,Great Western Trail (Second Edition)
34,251247,Barrage
35,324856,The Crew: Mission Deep Sea
36,175914,Food Chain Magnate
37,192135,Too Many Bones
38,285774,Marvel Champions: The Card Game
39,256960,Pax Pamir: Second Edition
40,3076,Puerto Rico
41,247763,Underwater Cities
42,102794,Caverna: The Cave Farmers
43,170216,Blood Rage
44,185343,Anachrony
45,31260,Agricola
46,295947,Cascadia
47,184267,On Mars
48,314040,Pandemic Legacy: Season 0
49,221107,Pandemic Legacy: Season 2
50,205059,Mansions of Madness: Second Edition
51,521,Crokinole
52,276025,Maracaibo
53,126163,Tzolk'in: The Mayan Calendar
54,255984,Sleeping Gods
55,284378,Kanban EV
56,2651,Power Grid
57,161533,Lisboa
58,284083,The Crew: The Quest for Planet Nine
59,216132,Clans of Caledonia
60,244521,The Quacks of Quedlinburg
61,35677,Le Havre
62,164153,Star Wars: Imperial Assault
63,266810,Paladins of the West Kingdom
64,125153,The Gallerist
65,209010,Mechs vs. Minions
66,55690,Kingdom Death: Monster
67,182874,Grand Austria Hotel
68,124742,Android: Netrunner
69,230802,Azul
70,72125,Eclipse
71,28143,Race for the Galaxy
72,253344,Cthulhu: Death May Die
73,191189,Aeon's End
74,201808,Clank!: A Deck-Building Adventure
75,200680,Agricola (Revised Edition)
76,157354,Five Tribes
77,25613,Through the Ages: A Story of Civilization
78,366013,Heat: Pedal to the Metal
79,159675,Fields of Arle
80,229853,Teotihuacan: City of Gods
81,110327,Lords of Waterdeep
82,121921,Robinson Crusoe: Adventures on the Cursed Island
83,171623,The Voyages of Marco Polo
84,295770,Frosthaven
85,62219,Dominant Species
86,68448,7 Wonders
87,317985,Beyond the Sun
88,231733,Obsession
89,180263,The 7th Continent
90,264220,Tainted Grail: The Fall of Avalon
91,236457,Architects of the West Kingdom
92,93,El Grande
93,279537,The Search for Planet X
94,37111,Battlestar Galactica: The Board Game
95,122515,Keyflower
96,18602,Caylus
97,225694,Decrypto
98,170042,Raiders of the North Sea
99,172386,Mombasa
100,155821,Inis
101,40834,Dominion: Intrigue
102,42,Tigris & Euphrates
103,73439,Troyes
104,203993,Lorenzo il Magnifico
105,146021,Eldritch Horror
106,269385,The Lord of the Rings: Journeys in Middle-Earth
107,163068,Trickerion: Legends of Illusion
108,12493,Twilight Imperium: Third Edition
109,144733,Russian Railroads
110,163412,Patchwork
111,102680,Trajan
112,205896,Rising Sun
113,218417,Aeon's End: War Eternal
114,36218,Dominion
115,281259,The Isle of Cats
116,256916,Concordia Venus
117,233371,Clank! In! Space!: A Deck-Building Adventure
118,175640,Vinhos: Deluxe Edition
119,178900,Codenames
120,198928,Pandemic: Iberia
121,172287,Champions of Midgard
122,4098,Age of Steam
123,132531,Roll for the Galaxy
124,175155,Forbidden Stars
125,196340,Yokohama
126,43015,Hansa Teutonica
127,266524,PARKS
128,263918,Cartographers
129,217372,The Quest for El Dorado
130,310873,Carnegie
131,30549,Pandemic
132,262712,Res Arcana
133,274364,Watergate
134,118048,Targi
135,271055,Dwellings of Eldervale
136,127023,Kemet
137,2511,Sherlock Holmes Consulting Detective: The Thames Murders & Other Cases
138,161970,Alchemists
139,233398,Endeavor: Age of Sail
140,271324,It's a Wonderful World
141,147020,Star Realms
142,308765,Praga Caput Regni
143,220877,Rajas of the Ganges
144,254640,Just One
145,146652,Legendary Encounters: An Alien Deck Building Game
146,34635,Stone Age
147,14996,Ticket to Ride: Europe
148,328871,Terraforming Mars: Ares Expedition
149,103885,Star Wars: X-Wing Miniatures Game
150,77423,The Lord of the Rings: The Card Game
151,233867,Welcome To...
152,148949,Istanbul
153,296151,Viscounts of the West Kingdom
154,283948,Marco Polo II: In the Service of the Khan
155,82222,Xia: Legends of a Drift System
156,244522,That's Pretty Clever!
157,265188,Glen More II: Chronicles
158,463,Magic: The Gathering
159,304783,Hadrian's Wall
160,189932,Tyrants of the Underdark
161,268864,Undaunted: Normandy
162,43111,Chaos in the Old World
163,54043,Jaipur
164,9609,War of the Ring
165,249259,War Chest
166,329082,Radlands
167,188920,This War of Mine: The Board Game
168,287954,Azul: Summer Pavilion
169,104162,Descent: Journeys in the Dark (Second Edition)
170,12,Ra
171,10630,Memoir '44
172,282524,Horrified
173,209418,Dominion (Second Edition)
174,39463,Cosmic Encounter
175,17133,Railways of the World
176,128882,The Resistance: Avalon
177,155426,Castles of Mad King Ludwig
178,294484,Unmatched: Cobble & Fog
179,199561,Sagrada
180,70149,Ora et Labora
181,103343,A Game of Thrones: The Board Game (Second Edition)
182,291453,SCOUT
183,31627,Ticket to Ride: Nordic Countries
184,150376,Dead of Winter: A Crossroads Game
185,25021,Sekigahara: The Unification of Japan
186,14105,Commands & Colors: Ancients
187,123260,Suburbia
188,242302,Space Base
189,227224,The Red Cathedral
190,104006,Village
191,171131,Captain Sonar
192,283355,Dune
193,188,Go
194,221194,Dinosaur Island
195,235802,Too Many Bones: Undertow
196,148228,Splendor
197,21050,Combat Commander: Europe
198,271896,Star Wars: Outer Rim
199,195421,Near and Far
200,182631,Star Realms: Colony Wars
201,245638,Coimbra
202,300531,Paleo
203,126042,Nations
204,283155,Calico
205,215,Tichu
206,822,Carcassonne
207,293014,Nidavellir
208,91,Paths of Glory
209,118,Modern Art
210,306735,Under Falling Skies
211,310100,Nemesis: Lockdown
212,7854,YINSH
213,314491,Meadow
214,9209,Ticket to Ride
215,54998,Cyclades
216,285967,Ankh: Gods of Egypt
217,146886,La Granja
218,224037,Codenames: Duet
219,188834,Secret Hitler
220,318977,MicroMacro: Crime City
221,295486,My City
222,129437,Legendary: A Marvel Deck Building Game
223,156129,Deception: Murder in Hong Kong
224,176189,Zombicide: Black Plague
225,158600,Hanamikoji
226,232832,Century: Golem Edition
227,269207,The Taverns of Tiefenthal
228,109276,Kanban: Driver's Edition
229,223321,Detective: A Modern Crime Board Game
230,169426,Roll Player
231,227935,Wonderland's War
232,555,The Princes of Florence
233,241451,Aeon's End: Legacy
234,199478,Flamme Rouge
235,239188,Chronicles of Crime
236,192291,Sushi Go Party!
237,9216,Goa: A New Expedition
238,339789,Welcome to the Moon
239,274637,"Unmatched: Battle of Legends, Volume One"
240,194655,Santorini
241,176494,Isle of Skye: From Chieftain to King
242,19857,Glory to Rome
243,228341,Pulsar 2849
244,198994,Hero Realms
245,223040,Fantasy Realms
246,20551,Shogun
247,421,1830: Railways & Robber Barons
248,31481,Galaxy Trucker
249,364073,Splendor Duel
250,146508,T.I.M.E Stories
251,165722,KLASK
252,27708,1960: The Making of the President
253,3,Samurai
254,128621,Viticulture
255,27833,Steam
256,350184,Earth
257,300322,Hallertau
258,140620,Lewis & Clark: The Expedition
259,232405,Western Legends
260,260605,Camel Up (Second Edition)
261,286096,Tapestry
262,127060,Bora Bora
263,277659,Final Girl
264,155068,Arcadia Quest
265,204583,Kingdomino
266,305096,Endless Winter: Paleoamericans
267,224783,Vindication
268,251661,Oathsworn: Into the Deepwood
269,144344,Rococo
270,760,Battle Line
271,92828,Dixit: Odyssey
272,302723,Forgotten Waters
273,108745,Seasons
274,24181,Imperial
275,206718,Ethnos
276,176734,The Manhattan Project: Energy Empire
277,155873,Power Grid Deluxe: Europe/North America
278,246784,Cryptid
279,2655,Hive
280,66589,Navegador
281,97207,Dungeon Petz
282,299659,Clash of Cultures: Monumental Edition
283,316377,7 Wonders (Second Edition)
284,19777,Indonesia
285,22545,Age of Empires III: The Age of Discovery
286,311193,Anno 1800
287,139976,Cthulhu Wars
288,187617,Nemo's War (Second Edition)
289,38453,Space Alert
290,244271,Dice Throne: Season Two – Battle Chest
291,160477,Onitama
292,181279,Fury of Dracula (Third/Fourth Edition)
293,230253,Star Realms: Frontiers
294,154203,Imperial Settlers
295,46213,Telestrations
296,156546,Monikers
297,298047,Marvel United
298,143693,Glass Road
299,93260,Summoner Wars: Master Set
300,54138,Imperial 2030
301,59294,Runewars
302,48726,Alien Frontiers
303,227789,Heaven & Ale
304,257499,Arkham Horror (Third Edition)
305,13122,Antiquity
306,203420,Exit: The Game – The Abandoned Cabin
307,209685,Century: Spice Road
308,54,Tikal
309,163967,Tiny Epic Galaxies
310,136888,Bruges
311,2653,Survive: Escape from Atlantis!
312,291572,Oath: Chronicles of Empire and Exile
313,222509,Lords of Hellas
314,129622,Love Letter
315,258779,Planet Unknown
316,172081,Burgle Bros.
317,193037,Dead of Winter: The Long Night
318,184921,Bunny Kingdom
319,245655,The King's Dilemma
320,366161,Wingspan Asia
321,188866,Awkward Guests: The Walton Case
322,270633,Aeon's End: The New Age
323,5,Acquire
324,172818,Above and Below
325,140934,Arboretum
326,172,For Sale
327,40692,Small World
328,50,Lost Cities
329,285192,Destinies
330,297562,Kemet: Blood and Sand
331,323612,Bitoku
332,45315,Dungeon Lords
333,304420,Bonfire
334,146439,BattleLore: Second Edition
335,25292,Merchants & Marauders
336,111341,The Great Zimbabwe
337,77130,Sid Meier's Civilization: The Board Game
338,234277,Nusfjord
339,256680,Return to Dark Tower
340,176920,Mission: Red Planet (Second Edition)
341,219513,Bärenpark
342,297030,Tekhenu: Obelisk of the Sun
343,21241,Neuroshima Hex! 3.0
344,59959,Letters from Whitechapel
345,39856,Dixit
346,234,Hannibal: Rome vs. Carthage
347,181304,Mysterium
348,199042,Harry Potter: Hogwarts Battle
349,70919,Takenoko
350,319966,The King Is Dead: Second Edition
351,47,Chinatown
352,163745,Star Wars: Armada
353,37046,Ghost Stories
354,119890,Agricola: All Creatures Big and Small
355,192458,51st State: Master Set
356,41114,The Resistance
357,234487,Altiplano
358,101721,Mage Wars Arena
359,63888,Innovation
360,128271,Ginkgopolis
361,246192,Gizmos
362,8217,San Juan
363,295374,Long Shot: The Dice Game
364,90137,Blood Bowl: Team Manager – The Card Game
365,318184,Imperium: Classics
366,244711,Newton
367,25554,Notre Dame
368,39683,At the Gates of Loyang
369,250458,Gùgōng
370,245934,Carpe Diem
371,24480,The Pillars of the Earth
372,155987,Abyss
373,284653,Mind MGMT: The Psychic Espionage “Game.”
374,150145,Skull King
375,318084,Furnace
376,182134,Evolution: Climate
377,269210,Twice as Clever!
378,9217,Saint Petersburg
379,1,Die Macher
380,301880,Raiders of Scythia
381,240980,Blood on the Clocktower
382,260428,Pandemic: Fall of Rome
383,215311,Downforce
384,40354,Maria
385,33160,Endeavor
386,17392,Here I Stand
387,195539,The Godfather: Corleone's Empire
388,70323,King of Tokyo
389,277085,Love Letter
390,31594,In the Year of the Dragon
391,21348,Ticket to Ride: Märklin
392,262211,Cloudspire
393,365717,Clank!: Catacombs
394,265736,Tiny Towns
395,144592,Bruxelles 1893
396,256226,Azul: Stained Glass of Sintra
397,372,Schotten Totten
398,236191,London (Second Edition)
399,202426,Sidereal Confluence
400,166669,San Juan (Second Edition)
401,71,Civilization
402,15987,Arkham Horror
403,336986,Flamecraft
404,194594,Dice Forge
405,329839,So Clover!
406,198773,Codenames: Pictures
407,246684,Smartphone Inc.
408,170771,Sword & Sorcery
409,204305,Sherlock Holmes Consulting Detective: Jack the Ripper & West End Adventures
410,154809,Nippon
411,40765,Clash of Cultures
412,251658,Sprawlopolis
413,161614,Stockpile
414,351913,Tiletum
415,229220,Santa Maria
416,54625,Space Hulk (Third Edition)
417,92415,Skull
418,138161,Firefly: The Game
419,186751,Mythic Battles: Pantheon
420,121,Dune
421,36932,Claustrophobia
422,128671,Spartacus: A Game of Blood and Treachery
423,66188,Fresco
424,55670,Macao
425,260180,Project L
426,243,Advanced Squad Leader
427,124708,Mice and Mystics
428,34219,Biblios
429,63628,The Manhattan Project
430,274638,Unmatched: Robin Hood vs. Bigfoot
431,298069,Cubitos
432,215341,Thunderstone Quest
433,262543,Wavelength
434,332800,Summoner Wars (Second Edition)
435,258210,Blitzkrieg!: World War Two in 20 Minutes
436,100901,Flash Point: Fire Rescue
437,151347,Millennium Blades
438,27162,Kingsburg
439,293141,King of Tokyo: Dark Edition
440,171,Chess
441,270844,Imperial Settlers: Empires of the North
442,66362,Glen More
443,96913,Lancaster
444,256730,Pipeline
445,11170,Heroscape Master Set: Rise of the Valkyrie
446,79828,A Few Acres of Snow
447,332772,Revive
448,18833,Lord of the Rings: The Confrontation
449,176396,Quadropolis
450,192153,Pandemic: Reign of Cthulhu
451,274960,Point Salad
452,150,PitchCar
453,364011,Great Western Trail: Argentina
454,264241,Mandala
455,156858,Black Orchestra
456,325494,ISS Vanguard
457,194607,Mystic Vale
458,169427,Middara: Unintentional Malum – Act 1
459,137408,Amerigo
460,290236,Canvas
461,25417,BattleLore
462,197376,Charterstone
463,62222,Commands & Colors: Napoleonics
464,233312,Stuffed Fables
465,343905,Boonlake
466,150658,Pandemic: The Cure
467,284742,Honey Buzz
468,322289,Darwin's Journey
469,5404,Amun-Re
470,15985,Blood Bowl: Living Rulebook
471,105134,Risk Legacy
472,158899,Colt Express
473,226522,Exit: The Game – Dead Man on the Orient Express
474,269144,Hadara
475,157969,Sheriff of Nottingham
476,205398,Citadels
477,712,Blood Bowl (Third Edition)
478,146791,Shadows of Brimstone: City of the Ancients
479,336382,Marvel United: X-Men
480,478,Citadels
481,136063,Forbidden Desert
482,162082,Deus
483,83330,Mansions of Madness
484,20437,Lords of Vegas
485,144189,Fire in the Lake
486,232414,Oceans
487,17226,Descent: Journeys in the Dark
488,98778,Hanabi
489,15062,Shadows over Camelot
490,12942,No Thanks!
491,128996,1775: Rebellion
492,240196,Betrayal Legacy
493,62227,"Labyrinth: The War on Terror, 2001 – ?"
494,43570,Friday
495,193042,Junk Art
496,256952,Zombie Kidz Evolution
497,177639,Raptor
498,216600,Fantastic Factories
499,17405,1846: The Race for the Midwest
500,175095,Dawn of the Zeds (Third Edition)
501,13,CATAN
502,180974,Potion Explosion
503,191862,Imhotep
504,245654,Railroad Ink: Deep Blue Edition
505,262215,Blackout: Hong Kong
506,11,Bohnanza
507,119506,Freedom: The Underground Railroad
508,315767,Cartographers Heroes
509,303057,Pan Am
510,247367,"Air, Land, & Sea"
511,21790,Thurn and Taxis
512,97786,Small World Underground
513,206480,Imperial Struggle
514,144797,Argent: The Consortium
515,206941,First Class: All Aboard the Orient Express!
516,322708,Descent: Legends of the Dark
517,156009,Port Royal
518,65781,London
519,239942,Black Rose Wars
520,142379,Escape Plan
521,105551,Archipelago
522,171668,The Grizzled
523,9674,Ingenious
524,95527,Madeira
525,252328,Star Wars: X-Wing (Second Edition)
526,31999,TZAAR
527,221965,The Fox in the Forest
528,125618,Libertalia
529,36553,Time's Up! Title Recall!
530,127398,Legends of Andor
531,6249,Alhambra
532,90419,Airlines Europe
533,276182,Dead Reckoning
534,18,RoboRally
535,220,High Society
536,147949,One Night Ultimate Werewolf
537,163968,Elysium
538,875,Roads & Boats
539,91312,Discworld: Ankh-Morpork
540,290359,Undaunted: North Africa
541,123123,BattleCON: Devastation of Indines
542,133848,Euphoria: Build a Better Dystopia
543,177478,IKI
544,31730,Wabash Cannonball
545,133473,Sushi Go!
546,245961,Fleet: The Dice Game
547,284189,Foundations of Rome
548,102652,Sentinels of the Multiverse
549,27173,Vikings
550,97842,Last Will
551,196326,Love Letter: Premium Edition
552,153938,Camel Up
553,284435,Nova Luna
554,292375,The Great Wall
555,345584,Mindbug: First Contact
556,58421,Egizia
557,181530,Runebound (Third Edition)
558,232043,Queendomino
559,183251,Karuba
560,42052,Vinhos
561,265402,In the Hall of the Mountain King
562,84419,Space Empires 4X
563,170561,Valeria: Card Kingdoms
564,22827,StarCraft: The Board Game
565,475,Taj Mahal
566,34119,Tales of the Arabian Nights
567,128780,Pax Porfiriana
568,28023,Jamaica
569,27746,Colosseum
570,117959,Las Vegas
571,133038,Pathfinder Adventure Card Game: Rise of the Runelords – Base Set
572,151022,Baseball Highlights: 2045
573,503,Through the Desert
574,283393,Aquatica
575,15363,Nexus Ops
576,248490,Atlantis Rising (Second Edition)
577,2346,DVONN
578,192836,The Colonists
579,141572,Paperback
580,159508,AquaSphere
581,4390,Carcassonne: Hunters and Gatherers
582,172308,Broom Service
583,338834,MicroMacro: Crime City – Full House
584,350316,Wayfarers of the South Tigris
585,318182,Imperium: Legends
586,264055,Draftosaurus
587,42215,Tobago
588,345972,Cat in the Box: Deluxe Edition
589,280794,Etherfields
590,216734,Dice Throne: Season One
591,130960,Triumph & Tragedy: European Balance of Power 1936-1945
592,39351,Automobile
593,155703,Evolution
594,9625,Struggle of Empires
595,193949,Star Trek: Ascendancy
596,269511,Cooper Island
597,39938,Carson City
598,356033,Libertalia: Winds of Galecrest
599,205359,Star Wars: Destiny
600,270673,Silver & Gold
601,160010,Conan
602,140603,Francis Drake
603,3685,Hammer of the Scots
604,131357,Coup
605,266830,QE
606,170624,Crusaders: Thy Will Be Done
607,6472,A Game of Thrones
608,135219,The Battle of Five Armies
609,42776,Gears of War: The Board Game
610,340466,Unfathomable
611,212445,Blood Bowl (2016 Edition)
612,266121,Unlock!: Heroic Adventures
613,218603,Photosynthesis
614,316412,The LOOP
615,356123,Turing Machine
616,143519,Quantum
617,113924,Zombicide
618,30869,Thebes
619,374173,Star Wars: The Deckbuilding Game
620,286751,Zombicide: 2nd Edition
621,111799,Cuba Libre
622,169255,A Game of Thrones: The Card Game (Second Edition)
623,328565,Caper: Europe
624,332686,John Company: Second Edition
625,183562,Star Wars: X-Wing Miniatures Game – The Force Awakens Core Set
626,5782,Coloretto
627,325635,Unmatched: Little Red Riding Hood vs. Beowulf
628,242705,Aeon Trespass: Odyssey
629,432,6 nimmt!
630,224710,Zombicide: Green Horde
631,190082,Whitehall Mystery
632,10547,Betrayal at House on the Hill
633,699,HeroQuest
634,174785,Mare Nostrum: Empires
635,37904,Formula D
636,119432,Snowdonia
637,46,Medici
638,355093,Woodcraft
639,198953,Pax Renaissance
640,24508,Taluva
641,1353,Time's Up!
642,244115,Shards of Infinity
643,163166,One Night Ultimate Werewolf: Daybreak
644,257501,KeyForge: Call of the Archons
645,293296,Splendor: Marvel
646,209778,Magic Maze
647,1513,The Republic of Rome
648,121408,Trains
649,13004,The Downfall of Pompeii
650,357563,Akropolis
651,296912,Fort
652,171499,Cacao
653,180511,Shakespeare
654,308119,Pax Renaissance: 2nd Edition
655,107529,Kingdom Builder
656,3201,Lord of the Rings: The Confrontation
657,350933,The Guild of Merchant Explorers
658,552,Bus
659,21763,Mr. Jack
660,258036,Between Two Castles of Mad King Ludwig
661,50750,Belfort
662,58281,Summoner Wars
663,318009,Dinosaur Island: Rawr 'n Write
664,100423,Elder Sign
665,271518,Disney Villainous: Wicked to the Core
666,73171,Earth Reborn
667,30380,Cuba
668,135779,A Fake Artist Goes to New York
669,300300,Chronicles of Crime: 1400
670,70512,Luna
671,88,Torres
672,153016,Telestrations: 12 Player Party Pack
673,113294,Escape: The Curse of the Temple
674,336794,Galaxy Trucker (Second Edition)
675,121288,Dixit: Journey
676,233247,Civilization: A New Dawn
677,2398,Cribbage
678,203416,Exit: The Game – The Pharaoh's Tomb
679,150997,Shadows of Brimstone: Swamps of Death
680,126792,Myrmes
681,163839,Feudum
682,134726,Smash Up: Awesome Level 9000
683,193558,The Oracle of Delphi
684,307002,Regicide
685,213893,Yamataï
686,132018,Churchill
687,306040,Merv: The Heart of the Silk Road
688,2955,Mexica
689,242639,Treasure Island
690,231581,AuZtralia
691,154825,Arkwright
692,304051,Creature Comforts
693,87890,Prêt-à-Porter
694,123540,Tokaido
695,284760,Disney Villainous: Evil Comes Prepared
696,69789,Ascension: Deckbuilding Game
697,244114,Yellow & Yangtze
698,65532,Defenders of the Realm
699,20963,Fury of Dracula (Second Edition)
700,283864,Trails of Tucana
701,160495,ZhanGuo
702,29603,D-Day at Omaha Beach
703,283863,The Magnificent
704,173064,Leaving Earth
705,146278,Tash-Kalar: Arena of Legends
706,165401,Wir sind das Volk!
707,256999,Project: ELITE
708,168584,Love Letter: Batman
709,218074,Detective: City of Angels
710,270970,Century: A New World
711,155624,Specter Ops
712,311988,Frostpunk: The Board Game
713,296237,Warp's Edge
714,7717,Carcassonne: The Castle
715,116998,Thunderstone Advance: Towers of Ruin
716,156336,Onirim (Second Edition)
717,298383,Golem
718,301255,Whistle Mountain
719,226320,My Little Scythe
720,162007,Steampunk Rally
721,214880,City of the Big Shoulders
722,167400,Ashes Reborn: Rise of the Phoenixborn
723,71721,Space Hulk: Death Angel – The Card Game
724,232219,Dragon Castle
725,281442,Trismegistus: The Ultimate Formula
726,183840,Oh My Goods!
727,72321,The Networks
728,181521,Warhammer Quest: The Adventure Card Game
729,143741,BANG! The Dice Game
730,15364,Vegas Showdown
731,273330,Bloodborne: The Board Game
732,73761,K2
733,249381,The Estates
734,204472,Sub Terra
735,9823,Advanced Squad Leader: Starter Kit #1
736,242574,Century: Eastern Wonders
737,346965,Azul: Queen's Garden
738,3307,Wallenstein
739,22345,Yspahan
740,241724,Villagers
741,483,Diplomacy
742,55600,Shipyard
743,328866,My Father's Work
744,20100,Wits & Wagers
745,31563,Middle-Earth Quest
746,143515,Coal Baron
747,168435,Between Two Cities
748,349067,The Lord of the Rings: The Card Game – Revised Core Set
749,280480,Crystal Palace
750,256382,Disney Villainous
751,279613,Unlock!: Timeless Adventures
752,214887,CO₂: Second Chance
753,300877,New York Zoo
754,68425,Eminent Domain
755,321608,Hegemony: Lead Your Class to Victory
756,180593,The Bloody Inn
757,255692,New Frontiers
758,202670,Ticket to Ride: Rails & Sails
759,173442,Empires: Age of Discovery
760,244228,Reef
761,21882,Blue Moon City
762,220517,The Shipwreck Arcana
763,11825,Empire of the Sun
764,201825,Ex Libris
765,220520,Caverna: Cave vs Cave
766,47185,Warhammer: Invasion
767,218333,Rhino Hero: Super Battle
768,192457,Cry Havoc
769,200147,Kanagawa
770,156943,Saint Petersburg (Second Edition)
771,43528,World Without End
772,284777,Unmatched: Jurassic Park – InGen vs Raptors
773,41,Can't Stop
774,2163,Space Hulk
775,162286,Super Motherload
776,326494,The Adventures of Robin Hood
777,169654,Deep Sea Adventure
778,179803,Arcadia Quest: Inferno
779,2453,Blokus
780,158435,Dogs of War
781,586,Up Front
782,244608,Menara
783,170416,Vast: The Crystal Caverns
784,256570,Crown of Emara
785,40628,Finca
786,36235,The Duke
787,230244,Black Angel
788,328479,Living Forest
789,204516,878 Vikings: Invasions of England
790,137988,Zombicide Season 2: Prison Outbreak
791,203417,Exit: The Game – The Secret Lab
792,237179,Weather Machine
793,251678,Railroad Ink: Blazing Red Edition
794,306881,Railroad Ink Challenge: Lush Green Edition
795,45,Perudo
796,171273,FUSE
797,198830,"Heroes of Land, Air & Sea"
798,307305,Bullet♥︎
799,51,Ricochet Robots
800,131287,Panamax
801,160499,King of New York
802,218121,Dice Hospital
803,276498,Paris: La Cité de la Lumière
804,26997,1989: Dawn of Freedom
805,91872,Dungeons & Dragons: The Legend of Drizzt Board Game
806,181687,The Pursuit of Happiness
807,110277,Among the Stars
808,179172,Unfair
809,252153,Tang Garden
810,1035,Squad Leader
811,217780,Gentes
812,348450,Lacrimosa
813,12002,Jambo
814,161417,Red7
815,337765,Brian Boru: High King of Ireland
816,218479,Cerebria: The Inside World
817,346703,7 Wonders: Architects
818,191051,Outlive
819,197443,Fugitive
820,156566,Lords of Xidit
821,194879,Not Alone
822,30957,Tribune: Primus Inter Pares
823,15512,Incan Gold
824,79127,Star Trek: Fleet Captains
825,238799,Messina 1347
826,117915,Yedo
827,30645,Tammany Hall
828,175117,Celestia
829,179275,One Deck Dungeon
830,41002,Vasco da Gama
831,176165,Dale of Merchants
832,38996,Washington's War
833,163602,XCOM: The Board Game
834,1465,Wizard
835,12962,Reef Encounter
836,28181,Combat Commander: Pacific
837,234671,Pandemic: Rising Tide
838,177590,"13 Days: The Cuban Missile Crisis, 1962"
839,145659,Scoville
840,227460,Hannibal & Hamilcar
841,299047,Disney Villainous: Perfectly Wretched
842,275467,Letter Jam
843,16747,Tumblin' Dice
844,528,ZÈRTZ
845,244331,Blue Lagoon
846,103886,Star Wars: The Card Game
847,148729,Maquis
848,266164,Babylonia
849,361545,Twilight Inscription
850,24800,Conflict of Heroes: Awakening the Bear! – Russia 1941-42
851,8125,Santiago
852,254386,Raccoon Tycoon
853,12891,Friedrich
854,262941,Dominant Species: Marine
855,122298,Morels
856,256788,Detective Club
857,214029,SpaceCorp: 2025-2300AD
858,228328,Rurik: Dawn of Kiev
859,18098,Napoleon's Triumph
860,277700,Merchants Cove
861,158889,Summoner Wars: Alliances Master Set
862,285984,Last Bastion
863,137269,Spyrium
864,119788,Hyperborea
865,12902,Carcassonne: The City
866,65244,Forbidden Island
867,253499,A War of Whispers
868,234477,Battle for Rokugan
869,216459,The Lost Expedition
870,91514,Rhino Hero
871,166384,Spyfall
872,264052,Circadians: First Light
873,113997,Tajemnicze Domostwo
874,56692,Parade
875,94,Union Pacific
876,26990,Container
877,148575,Marvel Dice Masters: Avengers vs. X-Men
878,272739,Clinic: Deluxe Edition
879,155362,Ca$h 'n Guns: Second Edition
880,244992,The Mind
881,129948,The Palaces of Carrara
882,318560,Witchstone
883,53953,Thunderstone
884,195137,Catacombs (Third Edition)
885,37380,Roll Through the Ages: The Bronze Age
886,299684,Khôra: Rise of an Empire
887,35570,Tinners' Trail
888,1041,San Marco
889,219215,Werewords
890,131260,Qwixx
891,139898,Brew Crafters
892,154458,Akrotiri
893,329465,Red Rising
894,29368,Last Night on Earth: The Zombie Game
895,177678,Signorie
896,173,Formula Dé
897,291845,Three Sisters
898,295895,Distilled
899,2093,Mahjong
900,98229,Pictomania
901,223953,Kitchen Rush
902,315610,Massive Darkness 2: Hellscape
903,198740,Lovecraft Letter
904,245643,Luxor
905,267319,Roam
906,196526,Coffee Roaster
907,248065,Zombicide: Invader
908,329551,Mosaic: A Story of Civilization
909,239472,Abomination: The Heir of Frankenstein
910,1345,Genoa
911,132028,Conflict of Heroes: Awakening the Bear! – Operation Barbarossa 1941 (Second Edition)
912,82421,Summoner Wars: Phoenix Elves vs Tundra Orcs
913,317457,Dinosaur World
914,41066,Virgin Queen
915,2181,Bridge
916,238992,Call to Adventure
917,239464,Palm Island
918,26566,Homesteaders
919,270314,Ohanami
920,224597,Warhammer Underworlds: Shadespire
921,9440,Maharaja: The Game of Palace Building in India
922,904,Nightmare Productions
923,335764,"Unmatched: Battle of Legends, Volume Two"
924,148319,Tragedy Looper
925,160851,Lanterns: The Harvest Festival
926,108906,Thunder Alley
927,294612,Unlock!: Epic Adventures
928,316546,Clever Cubed
929,231218,Black Sonata
930,172047,The Others
931,195560,Wasteland Express Delivery Service
932,235488,Istanbul: The Dice Game
933,272738,Jaws
934,202408,Adrenaline
935,156689,Legendary: A Marvel Deck Building Game – Villains
936,281655,High Frontier 4 All
937,13642,Louis XIV
938,284818,Caylus 1303
939,59946,Dungeons & Dragons: Castle Ravenloft Board Game
940,197405,Tak
941,98351,Core Worlds
942,27976,Heroscape Master Set: Swarm of the Marro
943,331787,Tiny Epic Dungeons
944,151004,Smash Up: Science Fiction Double Feature
945,8051,Attika
946,210296,DinoGenics
947,66356,Dungeons & Dragons: Wrath of Ashardalon Board Game
948,201921,Tiny Epic Quest
949,25669,Qwirkle
950,27588,Zooloretto
951,38054,Snow Tails
952,491,Web of Power
953,199966,Kingsburg (Second Edition)
954,240,Britannia
955,193214,Meeple Circus
956,245487,Orchard: A 9 card solitaire game
957,242804,Lowlands
958,207830,5-Minute Dungeon
959,147151,Concept
960,191977,The Castles of Burgundy: The Card Game
961,108784,Ascension: Storm of Souls
962,203427,Fabled Fruit
963,82420,Summoner Wars: Guild Dwarves vs Cave Goblins
964,298065,Santa Monica
965,112,Condottiere
966,52461,Legacy: The Testament of Duke de Crecy
967,65901,Age of Industry
968,233262,Tidal Blades: Heroes of the Reef
969,249277,Brazil: Imperial
970,106217,Hawaii
971,334065,Verdant
972,125678,DC Comics Deck-Building Game
973,212402,The Grimm Forest
974,271601,Feed the Kraken
975,154086,Gold West
976,228504,Cat Lady
977,169124,Flick 'em Up!
978,291508,Tiny Epic Dinosaurs
979,295564,Unmatched Game System
980,353288,Trekking Through History
981,370913,Star Wars: The Clone Wars
982,195314,Herbaceous
983,351040,Ready Set Bet
984,66056,Rivals for Catan
985,227515,Riverboat
986,15817,Manila
987,554,La Città
988,19600,Antike
989,66505,The Speicherstadt
990,171669,Discoveries: The Journals of Lewis & Clark
991,182340,Star Trek: Frontiers
992,95064,Ascension: Return of the Fallen
993,347703,First Rat
994,224,History of the World
995,180680,Automobiles
996,281466,Yedo: Deluxe Master Set
997,174570,Legendary Encounters: A Predator Deck Building Game
998,244654,Wildlands
999,218509,Empires of the Void II
1000,254708,Roll Player Adventures
1001,157403,Black Fleet
1002,161882,Irish Gauge
1003,1382,Winner's Circle
1004,204027,Cottage Garden
1005,242684,Reavers of Midgard
1006,178336,World's Fair 1893
1007,290484,Unsettled
1008,359438,Skymines
1009,270971,Era: Medieval Age
1010,939,Star Wars: The Queen's Gambit
1011,164949,"Time of Crisis: The Roman Empire in Turmoil, 235-284 AD"
1012,230080,Majesty: For the Realm
1013,72287,Mr. Jack Pocket
1014,279254,Ecos: First Continent
1015,276894,Ticket to Ride: London
1016,207243,The City of Kings
1017,200077,Mint Works
1018,8203,"Hey, That's My Fish!"
1019,318553,Rajas of the Ganges: The Dice Charmers
1020,200954,Fields of Green
1021,141517,A Study in Emerald
1022,11971,Cockroach Poker
1023,207691,Railroad Revolution
1024,104710,Wiz-War (Eighth Edition)
1025,150999,Valley of the Kings
1026,241266,Little Town
1027,229892,Container: 10th Anniversary Jumbo Edition!
1028,168917,Smash Up: Pretty Pretty Smash Up
1029,177524,ICECOOL
1030,253284,Ticket to Ride: New York
1031,75449,Firenze
1032,69779,Polis: Fight for the Hegemony
1033,163154,Falling Sky: The Gallic Revolt Against Caesar
1034,156776,"Warhammer 40,000: Conquest"
1035,172931,Outfoxed!
1036,40793,Dice Town
1037,158275,Marvel Dice Masters: Uncanny X-Men
1038,191300,Archaeology: The New Expedition
1039,270239,Moonrakers
1040,131646,Merchant of Venus (Second Edition)
1041,161866,Zombicide Season 3: Rue Morgue
1042,185589,Islebound
1043,127518,A Distant Plain
1044,157809,Nations: The Dice Game
1045,165838,Space Hulk (Fourth Edition)
1046,300905,Top Ten
1047,217449,NMBR 9
1048,217861,Paper Tales
1049,300217,Merchants of the Dark Road
1050,72225,CO₂
1051,338760,Imperial Steam
1052,823,The Lord of the Rings
1053,208024,The Reckoners
1054,194517,Super Fantasy Brawl
1055,299960,Alma Mater
1056,256589,Rallyman: GT
1057,191231,Via Nebula
1058,35497,Fauna
1059,359609,Arkham Horror: The Card Game (Revised Edition)
1060,23540,Shikoku 1889
1061,130176,Tales & Games: The Hare & the Tortoise
1062,104363,Rex: Final Days of an Empire
1063,25568,Metropolys
1064,153065,Linko!
1065,223770,Startups
1066,681,Quarto
1067,314503,Codex Naturalis
1068,176371,Explorers of the North Sea
1069,171233,The Big Book of Madness
1070,6830,Zendo
1071,338957,Caesar!: Seize Rome in 20 Minutes!
1072,136991,Loony Quest
1073,1822,Wilderness War
1074,160018,Smash Up: Monster Smash
1075,245476,CuBirds
1076,146312,Ghost Fightin' Treasure Hunters
1077,198454,When I Dream
1078,134352,Two Rooms and a Boom
1079,21523,Runebound: Second Edition
1080,22825,Tide of Iron
1081,223750,Hardback
1082,60,Vinci
1083,85897,Thunderstone: Dragonspire
1084,194880,Dream Home
1085,35052,Axis & Allies Anniversary Edition
1086,122522,Smash Up
1087,45986,Stronghold
1088,97903,Terror in Meeple City
1089,1301,Netrunner
1090,16992,Tsuro
1091,55427,Mr. Jack in New York
1092,233571,Star Wars: Legion
1093,306481,Tawantinsuyu: The Inca Empire
1094,91536,Quarriors!
1095,299169,Spicy
1096,1608,Ambush!
1097,222514,Batman: Gotham City Chronicles
1098,221,Ikusa
1099,18100,China
1100,261114,Men at Work
1101,228855,Set a Watch
1102,230933,Merlin
1103,300327,The Castles of Tuscany
1104,181796,The Prodigals Club
1105,252526,Pictomania (Second Edition)
1106,145639,Coconuts
1107,309630,Small World of Warcraft
1108,142326,Eight-Minute Empire: Legends
1109,37628,Haggis
1110,287084,Oriflamme
1111,175199,Mottainai
1112,24068,Shadow Hunters
1113,89409,BattleCON: War of Indines
1114,17329,Animal Upon Animal
1115,229265,Wendake
1116,276042,Conspiracy: Abyss Universe
1117,176544,Automania
1118,551,Battle Cry
1119,297129,Jekyll vs. Hyde
1120,152162,Diamonds: Second Edition
1121,135382,Shadowrun: Crossfire
1122,206051,Insider
1123,271529,Botanik
1124,318983,Faiyum
1125,37836,"Julius Caesar: Caesar, Pompey, and the Roman Civil War"
1126,141423,Dead Men Tell No Tales
1127,159473,Quartermaster General
1128,145371,Three Kingdoms Redux
1129,205597,Jump Drive
1130,163642,Chimera Station
1131,164265,Witness
1132,234669,Legacy of Dragonholt
1133,71671,Yggdrasil
1134,241590,Smart10
1135,327,Loopin' Louie
1136,67492,Battles of Westeros
1137,206931,Encore!
1138,5737,Domaine
1139,183571,Deep Space D-6
1140,346501,Mille Fiori
1141,207336,Honshū
1142,273477,Obscurio
1143,271869,Sushi Roll
1144,251412,On Tour
1145,216092,Unlock!: Escape Adventures – Squeek & Sausage
1146,278,Catan Card Game
1147,1634,Warhammer Quest
1148,244049,Forum Trajanum
1149,91080,Andean Abyss
1150,156091,Sons of Anarchy: Men of Mayhem
1151,94246,1812: The Invasion of Canada
1152,183880,Risk: Star Wars Edition
1153,104020,Vanuatu
1154,129736,Cockroach Poker Royal
1155,353545,Next Station: London
1156,833,For the People
1157,95103,Fortune and Glory: The Cliffhanger Game
1158,44163,Power Grid: Factory Manager
1159,295607,Canopy
1160,305682,Rolling Realms
1161,293889,Fallout Shelter: The Board Game
1162,197070,Massive Darkness
1163,124,Primordial Soup
1164,143884,Machi Koro
1165,301767,Mysterium Park
1166,68264,No Retreat! The Russian Front
1167,173090,The Game
1168,232918,Fallout
1169,128721,Crisis
1170,221318,Whistle Stop
1171,154246,La Isla
1172,27364,Caylus Magna Carta
1173,340041,Kingdomino Origins
1174,182694,Watson & Holmes
1175,354,Stick 'Em
1176,184151,Legend of the Five Rings: The Card Game
1177,8989,Hansa
1178,213266,Circle the Wagons
1179,257518,Claustrophobia 1643
1180,140933,Blueprints
1181,121410,Steam Park
1182,195162,Plague Inc.: The Board Game
1183,34084,Witch's Brew
1184,226520,Exit: The Game – The Sinister Mansion
1185,342848,World of Warcraft: Wrath of the Lich King
1186,329845,Stella: Dixit Universe
1187,151007,Pathfinder Adventure Card Game: Skull & Shackles – Base Set
1188,8045,Princes of the Renaissance
1189,244536,Tiny Epic Zombies
1190,137297,Rise of Augustus
1191,82168,Escape from the Aliens in Outer Space
1192,105,Colossal Arena
1193,17396,Manoeuvre
1194,13823,Fairy Tale
1195,137649,Level 7 [Omega Protocol]
1196,187377,Vikings Gone Wild
1197,171879,Kraftwagen
1198,343562,Horrified: American Monsters
1199,173101,Council of 4
1200,22141,Cleopatra and the Society of Architects
1201,1115,Poker
1202,300753,Cross Clues
1203,256606,Spirits of the Wild
1204,527,GIPF
1205,121297,Fleet
1206,281194,Flick of Faith
1207,180899,Ponzi Scheme
1208,230085,Agra
1209,233961,Claim
1210,126100,Mythos Tales
1211,152470,Fief: France 1429
1212,30381,Hamburgum
1213,43443,Castle Panic
1214,102548,Dungeon Fighter
1215,174660,New York 1901
1216,192074,Odin's Ravens (Second Edition)
1217,16395,Blokus Duo
1218,204836,Escape Room: The Game
1219,123955,Thunderbolt Apache Leader
1220,35815,A Touch of Evil: The Supernatural Game
1221,253608,18Chesapeake
1222,325022,Coffee Traders
1223,91873,Strasbourg
1224,247236,Duelosaur Island
1225,42910,Peloponnes
1226,159504,Folklore: The Affliction
1227,302098,Chronicles of Crime: 1900
1228,147303,Carcassonne: South Seas
1229,271319,Las Vegas Royale
1230,66837,1862: Railway Mania in the Eastern Counties
1231,282954,Paris
1232,50768,Ninjato
1233,25643,Arkadia
1234,240855,Lockup: A Roll Player Tale
1235,154386,Medieval Academy
1236,242722,Here I Stand: 500th Anniversary Edition
1237,19100,Hacienda
1238,299317,Aeon's End: Outcasts
1239,226518,Exit: The Game – The Sunken Treasure
1240,218421,Street Masters
1241,104347,Santiago de Cuba
1242,164338,The Golden Ages
1243,177802,Smash Up: It's Your Fault!
1244,188547,Maximum Apocalypse
1245,238638,Castell
1246,12995,Dungeon Twister
1247,42452,Rattus
1248,39953,A Game of Thrones: The Card Game
1249,284936,Café
1250,855,Java
1251,165986,Royals
1252,269595,Copenhagen
1253,38159,Ultimate Werewolf: Ultimate Edition
1254,228660,Betrayal at Baldur's Gate
1255,160610,Thunderbirds
1256,202583,Rise of Tribes
1257,1540,BattleTech
1258,18258,Mission: Red Planet
1259,149155,Dead Man's Draw
1260,268201,Dice Throne
1261,223855,Sentient
1262,10,Elfenland
1263,41916,The Magic Labyrinth
1264,25821,The Werewolves of Miller's Hollow
1265,252752,Genotype: A Mendelian Genetics Game
1266,113873,"The Hunters: German U-Boats at War, 1939-43"
1267,245422,Werewords Deluxe Edition
1268,131014,Carcassonne: Winter Edition
1269,327711,It's a Wonderful Kingdom
1270,157526,Viceroy
1271,332386,Brew
1272,191876,Ulm
1273,134253,Hostage Negotiator
1274,4099,Keythedral
1275,165872,Liberty or Death: The American Insurrection
1276,302524,Super-Skill Pinball: 4-Cade
1277,191597,Dale of Merchants 2
1278,1261,Medina
1279,157001,Trains: Rising Sun
1280,83195,Ghost Blitz
1281,230,Merchant of Venus
1282,132372,Guildhall
1283,85256,Timeline: Inventions
1284,243759,Hellboy: The Board Game
1285,16986,Ubongo
1286,183006,Qwinto
1287,257614,Tussie Mussie
1288,328908,The Initiative
1289,302388,Back to the Future: Back in Time
1290,2507,Liberté
1291,23094,Planet Steam
1292,1159,Evo
1293,119591,Rialto
1294,61692,Axis & Allies: Europe 1940
1295,288169,The Fox in the Forest Duet
1296,314088,Agropolis
1297,284108,Pictures
1298,310448,Zombie Teenz Evolution
1299,9220,Saboteur
1300,111124,Dark Moon
1301,159503,The Captain Is Dead
1302,826,Cartagena
1303,224821,One Deck Dungeon: Forest of Shadows
1304,246761,Cahoots
1305,219100,UBOOT: The Board Game
1306,231484,Carnival of Monsters
1307,264982,Coloma
1308,2842,TransAmerica
1309,143405,Sylvion
1310,175324,Fog of Love
1311,60435,Rallyman
1312,205716,New Angeles
1313,7805,Fearsome Floors
1314,57390,Catacombs
1315,202077,Deep Madness
1316,303553,Skulls of Sedlec
1317,370591,Dorfromantik: The Board Game
1318,272453,KeyForge: Age of Ascension
1319,296345,Sherlock Holmes Consulting Detective: The Baker Street Irregulars
1320,297978,Mariposas
1321,332290,Stardew Valley: The Board Game
1322,298371,Wild Space
1323,255674,Imhotep: The Duel
1324,12495,Fire & Axe: A Viking Saga
1325,163474,V-Sabotage
1326,232988,The Castles of Burgundy: The Dice Game
1327,53093,Heroes of Normandie
1328,212516,Keyper
1329,206803,Warsaw: City of Ruins
1330,9203,Wings of War: Famous Aces
1331,301257,Maglev Metro
1332,117985,Star Trek: Catan
1333,38823,Conflict of Heroes: Storms of Steel! – Kursk 1943
1334,2338,Starship Catan
1335,219101,Pavlov's House
1336,268620,Similo
1337,326945,Castles of Mad King Ludwig: Collector's Edition
1338,217085,Unearth
1339,291859,Riftforce
1340,215841,Exit: The Game – The Forgotten Island
1341,272380,SHŌBU
1342,30618,Eat Poop You Cat
1343,362452,Atiwa
1344,106,Mystery Rummy: Jack the Ripper
1345,15126,Advanced Squad Leader: Starter Kit #2
1346,312267,Star Wars: Unlock!
1347,233020,Fireball Island: The Curse of Vul-Kar
1348,103,Titan
1349,1897,The Starfarers of Catan
1350,229491,Edge of Darkness
1351,134453,The Little Prince: Make Me a Planet
1352,204505,Museum
1353,200853,Habitats
1354,150312,Welcome to the Dungeon
1355,394,Kahuna
1356,199383,Calimala
1357,21441,Mykerinos
1358,199,Manhattan
1359,340677,Bad Company
1360,10640,Doom: The Boardgame
1361,180040,Villages of Valeria
1362,172385,Porta Nigra
1363,127024,Room 25
1364,257769,Walking in Burano
1365,105037,Tournay
1366,63268,Spot it!
1367,295293,The Thing: The Boardgame
1368,184424,Mega Civilization
1369,281946,Aftermath
1370,166226,The Staufer Dynasty
1371,159109,XenoShyft: Onslaught
1372,297985,Battle Line: Medieval
1373,15,Cosmic Encounter
1374,302425,Unlock!: Mythic Adventures
1375,116,Guillotine
1376,33604,Say Anything
1377,244191,Naga Raja
1378,123570,Strike
1379,254591,Heroes of Terrinoth
1380,98527,Gloom of Kilforth: A Fantasy Quest Game
1381,216091,Unlock!: Escape Adventures – The Formula
1382,163413,Murano
1383,322622,Floriferous
1384,283294,Yukon Airways
1385,272533,Kingdom Rush: Rift in Time
1386,1403,Turn the Tide
1387,39684,Merkator
1388,179460,Stronghold: 2nd edition
1389,244918,Exit: The Game – The Mysterious Museum
1390,72991,Asara
1391,151771,La Cosa Nostra
1392,339958,Gutenberg
1393,256997,Perseverance: Castaway Chronicles – Episodes 1 & 2
1394,316858,CloudAge
1395,205418,Agricola: Family Edition
1396,167513,Barony
1397,113401,Timeline: Events
1398,246663,NEOM
1399,225244,Ticket to Ride: Germany
1400,215842,Exit: The Game – The Polar Station
1401,22038,Warrior Knights
1402,15818,Pickomino
1403,333255,Keep the Heroes Out!
1404,298102,Roll Camera!: The Filmmaking Board Game
1405,342810,Marrakesh
1406,311715,Mini Rogue
1407,878,Wyatt Earp
1408,227456,Escape the Dark Castle
1409,167270,Medina (Second Edition)
1410,271615,The Quest for El Dorado: The Golden Temples
1411,304285,Infinity Gauntlet: A Love Letter Game
1412,340325,Vagrantsong
1413,351526,Encyclopedia
1414,362944,War of the Ring: The Card Game
1415,200057,Pioneer Days
1416,291962,Paper Dungeons: A Dungeon Scrawler Game
1417,253214,Escape Tales: The Awakening
1418,254018,Solenia
1419,142992,Gravwell: Escape from the 9th Dimension
1420,206915,Tempel des Schreckens
1421,179572,Dice City
1422,42487,Lost Cities: The Board Game
1423,338628,Trails
1424,5716,Balloon Cup
1425,271088,Ishtar: Gardens of Babylon
1426,287938,Kitchen Rush (Revised Edition)
1427,272682,Expedition to Newdale
1428,300442,Trekking the World
1429,2122,Vampire: The Eternal Struggle
1430,223931,Sherlock Holmes Consulting Detective: Carlton House & Queen's Park
1431,624,Quoridor
1432,19999,Aton
1433,254713,The Artemis Project
1434,9446,Blue Moon
1435,196202,Rum & Bones: Second Tide
1436,216201,Robo Rally
1437,139030,Mascarade
1438,3284,Star Wars: Epic Duels
1439,313889,Hoplomachus: Victorum
1440,19237,Ca$h 'n Gun$
1441,29934,Amyitis
1442,194690,Viral
1443,94362,Rune Age
1444,166857,Antike II
1445,142852,DC Comics Deck-Building Game: Heroes Unite
1446,138431,Galaxy Defenders
1447,2397,Backgammon
1448,75165,De Vulgari Eloquentia
1449,176229,Tides of Time
1450,249746,Nanty Narking
1451,66,Löwenherz
1452,244995,Illusion
1453,309110,Food Chain Island
1454,191894,Imagine
1455,283317,The 7th Continent: Classic Edition
1456,175223,Valley of the Kings: Afterlife
1457,1231,Bausack
1458,37919,Ascending Empires
1459,129051,Le Havre: The Inland Port
1460,146910,Wildcatters
1461,55829,Axis & Allies: Pacific 1940
1462,299121,Machina Arcana (Second/Third Edition)
1463,16496,Roma
1464,902,Meuterer
1465,369880,Beer & Bread
1466,165950,Beasty Bar
1467,6411,Blokus 3D
1468,181810,Kodama: The Tree Spirits
1469,196,Kremlin
1470,169794,Haspelknecht: The Story of Early Coal Mining
1471,71836,Onirim
1472,438,Scotland Yard
1473,492,Aladdin's Dragons
1474,223740,Bargain Quest
1475,481,Carolus Magnus
1476,22877,Fields of Fire
1477,341530,Super Mega Lucky Box
1478,204,Stephenson's Rocket
1479,120523,Nothing Personal
1480,255675,Exit: The Game – The Catacombs of Horror
1481,131366,Eight-Minute Empire
1482,194626,Happy Salmon
1483,101785,D-Day Dice
1484,205317,DOOM: The Board Game
1485,109125,Wallenstein (Second Edition)
1486,335609,TEN
1487,257527,Trapwords
1488,131325,Timeline: General Interest
1489,20542,Advanced Squad Leader: Starter Kit #3
1490,18745,Sun Tzu
1491,299252,Here to Slay
1492,21550,Blokus Trigon
1493,347137,Chronicles of Avel
1494,24417,Factory Fun
1495,330038,Llamaland
1496,148943,Coup: Rebellion G54
1497,195544,Tides of Madness
1498,22,Magic Realm
1499,166571,Tramways
1500,594,Sleuth
1501,210232,Dungeon Degenerates: Hand of Doom
1502,1915,Middle-earth
1503,232595,Skulk Hollow
1504,339906,The Hunger
1505,143175,Kashgar: Merchants of the Silk Road
1506,24827,Traders of Osaka
1507,94104,Omen: A Reign of War
1508,201,The Rose King
1509,3955,BANG!
1510,172381,My Village
1511,1568,Space Crusade
1512,310192,Overboss: A Boss Monster Adventure
1513,300001,Renature
1514,258444,Gingerbread House
1515,285533,Miyabi
1516,3072,Necromunda
1517,298638,Sheriff of Nottingham: 2nd Edition
1518,176083,Hit Z Road
1519,246200,Piepmatz
1520,242,Junta
1521,172220,Dungeons & Dragons: Temple of Elemental Evil Board Game
1522,281474,Lands of Galzyr
1523,353470,Star Wars: Jabba's Palace – A Love Letter Game
1524,268586,6 nimmt! 25 Jahre
1525,43022,Yomi
1526,116954,Indigo
1527,3228,Pueblo
1528,252929,Planet
1529,233678,Indian Summer
1530,57925,Havana
1531,170604,Renegade
1532,115,I'm the Boss!
1533,181524,Masmorra: Dungeons of Arcadia
1534,217398,Path of Light and Shadow
1535,7480,Sword of Rome
1536,168,Empire Builder
1537,264198,Warhammer Quest: Blackstone Fortress
1538,367498,Horizons of Spirit Island
1539,241477,Karak
1540,312251,Curious Cargo
1541,267127,Aerion
1542,29223,Marrakech
1543,360265,Sabika
1544,13780,In the Shadow of the Emperor
1545,218530,Tortuga 1667
1546,2065,Shogi
1547,125548,Pixel Tactics
1548,285265,Rune Stones
1549,144041,Patchistory
1550,171662,Neanderthal
1551,38713,Time's Up! Edición Amarilla
1552,40209,RAF: The Battle of Britain 1940
1553,13884,The Scepter of Zavandor
1554,143986,CV
1555,106662,Power Grid: The First Sparks
1556,214396,Campy Creatures
1557,2987,Pirate's Cove
1558,156714,Doomtown: Reloaded
1559,119,Kingdoms
1560,230267,Dice Settlers
1561,38862,Giants
1562,122294,Ascension: Immortal Heroes
1563,230889,Aristeia!
1564,195043,Welcome Back to the Dungeon
1565,323156,Stroganov
1566,131111,Codex: Card-Time Strategy – Deluxe Set
1567,38863,The Rich and the Good
1568,152,Mü & More
1569,1829,Risk 2210 A.D.
1570,929,The Great Dalmuti
1571,192860,Oceanos
1572,92319,Olympos
1573,193308,Spyfall 2
1574,47055,High Frontier
1575,102435,Navajo Wars
1576,215840,Exit: The Game – The Forbidden Castle
1577,195856,Bloodborne: The Card Game
1578,423,1856: Railroading in Upper Canada from 1856
1579,619,The Bottle Imp
1580,33451,The Red Dragon Inn 2
1581,34887,Revolution!
1582,148951,Tiny Epic Kingdoms
1583,245354,Unlock!: Secret Adventures – The Adventurers of Oz
1584,915,Mystery of the Abbey
1585,34194,Aquaretto
1586,240567,Chocolate Factory
1587,254192,Harry Potter: Hogwarts Battle – Defence Against the Dark Arts
1588,313010,Cosmic Encounter: 42nd Anniversary Edition
1589,319910,Pagan: Fate of Roanoke
1590,363307,Evergreen
1591,149776,Fireteam Zero
1592,22484,Ingenious: Travel Edition
1593,38343,Ad Astra
1594,187700,GKR: Heavy Hitters
1595,312318,Century: Golem Edition – An Endless World
1596,39339,Android
1597,63170,1817
1598,58936,Wars of the Roses: Lancaster vs. York
1599,269603,Minecraft: Builders & Biomes
1600,367220,Sea Salt & Paper
1601,2081,The Civil War 1861-1865
1602,274124,Northgard: Uncharted Lands
1603,183231,Adventure Land
1604,331050,Disney Villainous: Despicable Plots
1605,244916,Drop It
1606,306882,Railroad Ink Challenge: Shining Yellow Edition
1607,3097,1849: The Game of Sicilian Railways
1608,103185,Walnut Grove
1609,17223,World of Warcraft: The Boardgame
1610,5206,Ogre
1611,1198,SET
1612,276830,Sanctum
1613,40270,Call of Cthulhu: The Card Game
1614,248158,Thanos Rising: Avengers Infinity War
1615,295785,Euthia: Torment of Resurrection
1616,26,Age of Renaissance
1617,14254,PitchCar Mini
1618,259298,The Ancient World (Second Edition)
1619,31497,Oregon
1620,200511,After the Empire
1621,90040,Pergamon
1622,275913,Bruxelles 1897
1623,41933,Arctic Scavengers
1624,193728,Pendragon: The Fall of Roman Britain
1625,12761,Ys
1626,284584,Troyes Dice
1627,10093,Axis & Allies
1628,221769,Bios: Megafauna (Second Edition)
1629,310632,Dice Miner
1630,24773,On the Underground
1631,1544,Beyond Balderdash
1632,55697,Power Struggle
1633,270109,Iwari
1634,267813,Adventure Games: The Dungeon
1635,220133,Endangered
1636,34297,The Climbers
1637,3800,Himalaya
1638,149951,Warfighter: The Tactical Special Forces Card Game
1639,222542,Otys
1640,178054,A Study in Emerald (Second Edition)
1641,99975,Timeline: Discoveries
1642,30658,Rise of Empires
1643,283619,Century: Golem Edition – Eastern Mountains
1644,494,Ave Caesar
1645,61487,Unconditional Surrender! World War 2 in Europe
1646,253759,Paint the Roses
1647,38545,Kamisado
1648,225167,Human Punishment: Social Deduction 2.0
1649,235014,Sorcerer City
1650,123607,Puzzle Strike: Third Edition
1651,330608,Cryo
1652,1499,World in Flames
1653,264647,Age of Civilization
1654,157917,The Lord of the Ice Garden
1655,297486,Ride the Rails
1656,226501,Dragonfire
1657,286537,Burgle Bros 2: The Casino Capers
1658,232361,After The Virus
1659,266966,Dice Throne: Season Two – Gunslinger v. Samurai
1660,98,Axis & Allies
1661,8098,Jungle Speed
1662,288513,Tranquility
1663,168609,"Artifacts, Inc."
1664,336929,Land vs Sea
1665,260300,Dungeon Mayhem
1666,26457,Successors (Third Edition)
1667,165948,Mangrovia
1668,230303,Unlock!: Mystery Adventures – The House on the Hill
1669,318472,Blood Bowl: Second Season Edition
1670,88827,Battle Cry: 150th Civil War Anniversary Edition
1671,208895,New York Slice
1672,218804,Imaginarium
1673,73369,51st State
1674,235555,Bios: Origins (Second Edition)
1675,147253,The Ancient World
1676,252446,Key Flow
1677,701,A House Divided: War Between the States 1861-65
1678,302260,Abandon All Artichokes
1679,195571,Legendary Encounters: A Firefly Deck Building Game
1680,96007,The New Era
1681,205046,Capital Lux
1682,6351,Gulo Gulo
1683,280453,Masters of Renaissance: Lorenzo il Magnifico – The Card Game
1684,158900,Samurai Spirit
1685,3565,Mordheim: City of the Damned
1686,206940,Carcassonne: Amazonas
1687,223215,Flip Ships
1688,8129,Sluff Off!
1689,175307,Love Letter: Adventure Time
1690,180020,Virus!
1691,301716,Glasgow
1692,282414,Pharaon
1693,248861,Metro X
1694,359970,Challengers!
1695,295262,Sniper Elite: The Board Game
1696,361,Hare & Tortoise
1697,354570,Undaunted: Stalingrad
1698,54137,Battle Sheep
1699,280136,Paranormal Detectives
1700,67877,Anomia
1701,316786,Tabannusi: Builders of Ur
1702,325555,Cantaloop: Book 1 – Breaking into Prison
1703,138233,Ascension: Rise of Vigil
1704,38718,Normandy '44
1705,171011,Favor of the Pharaoh
1706,123499,City of Iron
1707,244513,ICECOOL2
1708,43868,The Adventurers: The Temple of Chac
1709,811,Rummikub
1710,325698,Juicy Fruits
1711,123239,Wits & Wagers Party
1712,21920,Leonardo da Vinci
1713,182189,Treasure Hunter
1714,24310,The Red Dragon Inn
1715,352697,Resist!
1716,46396,Ubongo 3D
1717,103092,Helvetia
1718,111417,The Great Heartland Hauling Co.
1719,251551,Dale of Merchants Collection
1720,274841,Cóatl
1721,254,Empires in Arms
1722,29937,König von Siam
1723,986,Babel
1724,172996,The King Is Dead
1725,237,Wooden Ships & Iron Men
1726,157413,New Bedford
1727,163805,Transatlantic
1728,142079,Space Cadets: Dice Duel
1729,12750,1860: Railways on the Isle of Wight
1730,13308,Niagara
1731,329873,GROVE: A 9 card solitaire game
1732,220792,The Expanse Board Game
1733,4636,Clans
1734,267271,Egizia: Shifting Sands
1735,332944,Sobek: 2 Players
1736,210274,Petrichor
1737,139771,Star Trek: Attack Wing
1738,180199,"Colonial Twilight: The French-Algerian War, 1954-62"
1739,136280,La Boca
1740,143185,Smash Up: The Obligatory Cthulhu Set
1741,8190,The Bridges of Shangri-La
1742,107255,Evo (Second Edition)
1743,328326,Fleet: The Dice Game (Second Edition)
1744,259081,Machi Koro Legacy
1745,22348,Duplik
1746,2251,Strat-O-Matic Baseball
1747,145189,Timeline: Music & Cinema
1748,15511,Fjords
1749,2808,The Russian Campaign
1750,175293,Trambahn
1751,269752,Noctiluca
1752,32125,Felicity: The Cat in the Sack
1753,5072,Carrom
1754,273703,Altar Quest
1755,269968,Exit: The Game – The Haunted Roller Coaster
1756,350736,Voyages
1757,282853,Catan: Starfarers
1758,241831,Reykholt
1759,35435,Nefertiti
1760,169611,Love Letter: The Hobbit – The Battle of the Five Armies
1761,2393,Xiangqi
1762,122842,Exodus: Proxima Centauri
1763,363247,Azul: Master Chocolatier
1764,180592,Steam Time
1765,70,Big City
1766,275044,Glow
1767,183284,Factory Funner
1768,57660,Time's Up! Edición Azul
1769,266083,L.L.A.M.A.
1770,248125,Monumental
1771,198487,Smash Up: Cease and Desist
1772,4396,Odin's Ravens
1773,146816,Sanssouci
1774,27627,Talisman: Revised 4th Edition
1775,104955,Antike Duellum
1776,272427,Terramara
1777,235375,Spirits of the Forest
1778,91984,Québec
1779,175549,Salem 1692
1780,41010,My First Carcassonne
1781,230305,Unlock!: Mystery Adventures – The Tonipal's Treasure
1782,112138,Krosmaster: Arena
1783,38386,A Castle for All Seasons
1784,124172,Tsuro of the Seas
1785,157096,Historia
1786,146221,Forge War
1787,252399,Vast: The Mysterious Manor
1788,28089,Burg Appenzell
1789,206084,Nautilion
1790,171726,Project: ELITE
1791,138649,DC Comics Dice Masters: Justice League
1792,205610,A Game of Thrones: Hand of the King
1793,37907,Diamonds Club
1794,71074,Expedition: Northwest Passage
1795,359152,Marvel: Remix
1796,293835,Oltréé
1797,347013,Get on Board: New York & London
1798,298229,Steampunk Rally Fusion
1799,24742,Cold War: CIA vs KGB
1800,37387,Steel Driver
1801,350458,Terracotta Army
1802,19622,A Victory Lost: Crisis in Ukraine 1942-1943
1803,344258,That Time You Killed Me
1804,180852,Tiny Epic Western
1805,211716,John Company
1806,35503,Ra: The Dice Game
1807,217083,LYNGK
1808,324090,Scarface 1920
1809,253618,5-Minute Marvel
1810,42673,Field Commander: Napoleon
1811,363369,Starship Captains
1812,160902,Dungeons & Dragons Dice Masters: Battle for Faerûn
1813,21551,SPQR (Deluxe Edition)
1814,1107,Nyet!
1815,174078,Holmes: Sherlock & Mycroft
1816,730,Breakout: Normandy
1817,1887,Legend of the Five Rings
1818,1662,"Napoléon: The Waterloo Campaign, 1815"
1819,228372,Iberian Gauge
1820,38992,Royal Palace
1821,202977,Cytosis: A Cell Biology Board Game
1822,207572,Holland '44: Operation Market-Garden
1823,1219,Labyrinth
1824,267609,Guards of Atlantis II
1825,295905,Cosmic Frog
1826,256320,Fertility
1827,113636,Edo
1828,66510,The Red Dragon Inn 3
1829,269725,Corinth
1830,309105,Sagani
1831,223376,A Song of Ice & Fire: Tabletop Miniatures Game – Stark vs Lannister Starter Set
1832,174837,Sol: Last Days of a Star
1833,238546,The Rise of Queensdale
1834,250881,Dominations: Road to Civilization
1835,398,Wildlife Safari
1836,37358,Founding Fathers
1837,293678,Stellar
1838,230383,Memoarrr!
1839,21133,Infinity N3: Core Book
1840,157,Eurorails
1841,338460,The Isle of Cats: Explore & Draw
1842,3931,Mare Nostrum
1843,63759,Seeland
1844,146418,Warhammer: Diskwars
1845,155255,Pax Pamir
1846,163370,Carcassonne: Gold Rush
1847,284121,Uprising: Curse of the Last Emperor
1848,38765,Ground Floor
1849,196496,Warfighter: The WWII Tactical Combat Card Game
1850,49,Mamma Mia!
1851,322656,burncycle
1852,335212,Sentinels of the Multiverse: Definitive Edition
1853,120,Hoity Toity
1854,66588,Wits & Wagers Family
1855,214484,HEXplore It: The Valley of the Dead King
1856,216632,Tournament at Camelot
1857,285905,Marvel: Crisis Protocol
1858,16267,Trans Europa
1859,526,Abalone
1860,238393,Monolith Arena
1861,248005,Ganymede
1862,1032,B-17: Queen of the Skies
1863,301919,Pandemic: Hot Zone – North America
1864,145588,Citrus
1865,56931,Arena: Roma II
1866,6205,Europe Engulfed: WWII European Theatre Block Game
1867,257732,Pax Transhumanity
1868,240271,Core Space
1869,192945,Coal Baron: The Great Card Game
1870,24703,Heroscape Marvel: The Conflict Begins
1871,331401,Dog Park
1872,6901,Euchre
1873,340,Frank's Zoo
1874,12477,Bootleggers
1875,195528,La Granja: No Siesta
1876,144529,Theseus: The Dark Orbit
1877,85005,The Boss
1878,33154,Wasabi!
1879,245931,Neta-Tanka: Deluxe Edition
1880,155695,Age of War
1881,281549,Beast
1882,36648,Pyramid of Pengqueen
1883,261594,Warhammer Underworlds: Nightvault
1884,75358,Paris Connection
1885,267378,Chakra
1886,274450,Last Aurora
1887,157026,Ascension: Realms Unraveled
1888,181345,Dr. Eureka
1889,300010,Dragomino
1890,142961,Thunderstone Advance: Numenera
1891,127997,Qin
1892,179303,Cthulhu Realms
1893,136955,Hands in the Sea
1894,128667,Samurai Sword
1895,342857,"Air, Land, and Sea: Critters at War"
1896,125752,Race! Formula 90
1897,300683,Meeple Land
1898,356414,Space Station Phoenix
1899,253684,Spring Meadow
1900,113289,Snake Oil
1901,128442,Relic
1902,31105,Archaeology: The Card Game
1903,218293,Rise to Nobility
1904,317434,Exit: The Game – Advent Calendar: The Mystery of the Ice Cave
1905,309430,Tiny Epic Pirates
1906,318546,CoraQuest
1907,73,Show Manager
1908,174973,Boss Monster 2: The Next Level
1909,205125,Ticket to Ride: First Journey (U.S.)
1910,28259,Cutthroat Caverns
1911,242653,Mysthea
1912,232,Serenissima
1913,155969,Harbour
1914,162009,The U.S. Civil War
1915,259374,Belratti
1916,148203,Dutch Blitz
1917,337787,Summer Camp
1918,294514,5-Minute Mystery
1919,168681,Beyond Baker Street
1920,233208,D-Day Dice (Second Edition)
1921,85325,Kolejka
1922,284778,Unmatched: Jurassic Park – Dr. Sattler vs. T. Rex
1923,243430,Dealt!
1924,350205,Horseless Carriage
1925,118695,Riff Raff
1926,442,Um Reifenbreite
1927,238656,Tiny Epic Defenders (Second Edition)
1928,216428,Seikatsu
1929,63543,Horus Heresy
1930,73664,Cabo
1931,98918,Bios: Genesis
1932,34707,The Hanging Gardens
1933,903,Hamsterrolle
1934,36522,2 de Mayo
1935,22192,HeroQuest Advanced Quest
1936,65564,Hornet Leader: Carrier Air Operations
1937,181819,Sorcerer
1938,9441,Ribbit
1939,168998,Marvel Dice Masters: Age of Ultron
1940,184824,Gaslands: Post-Apocalyptic Vehicular Combat
1941,17710,Conquest of the Empire
1942,294702,Tenpenny Parks
1943,143404,Castellion
1944,67239,Catan Histories: Settlers of America – Trails to Rails
1945,1117,You're Bluffing!
1946,41863,Axis & Allies: 1942
1947,134157,Guilds of London
1948,266967,Dice Throne: Season Two – Cursed Pirate v. Artificer
1949,118174,Compounded
1950,204135,Skyjo
1951,27225,Bananagrams
1952,204184,Risk: Europe
1953,84,Rommel in the Desert
1954,140,Pit
1955,169416,Pathfinder Adventure Card Game: Wrath of the Righteous – Base Set
1956,187273,The Dresden Files Cooperative Card Game
1957,198525,Lotus
1958,231696,Bob Ross: Art of Chill Game
1959,592,Spades
1960,220367,Empyreal: Spells & Steam
1961,32412,Palastgeflüster
1962,23679,"Warriors of God: The Wars of England & France, 1135-1453"
1963,321277,Tinners' Trail
1964,120217,City of Horror
1965,153507,Terra
1966,215312,Stop Thief!
1967,144239,Impulse
1968,193737,Star Trek Panic
1969,331106,The Witcher: Old World
1970,249,Lifeboats
1971,180771,Teenage Mutant Ninja Turtles: Shadows of the Past
1972,176558,Mafia de Cuba
1973,21954,Perikles
1974,285775,KeyForge: Worlds Collide
1975,34585,Keltis
1976,129459,Duel of Ages II
1977,303672,Trek 12: Himalaya
1978,187653,Covert
1979,277927,Bites
1980,169318,City of Spies: Estoril 1942
1981,9910,Wings of War: Watch Your Back!
1982,332321,ALIEN: Fate of the Nostromo
1983,198287,Legends of Andor: The Last Hope
1984,339484,Savannah Park
1985,236217,Timebomb
1986,187680,Quests of Valeria
1987,37141,Time's Up! Deluxe
1988,39217,Fighting Formations: Grossdeutschland Motorized Infantry Division
1989,222407,Lignum (Second Edition)
1990,268012,Chronicles of Drunagor: Age of Darkness
1991,320718,Hidden Leaders
1992,204574,The Flow of History
1993,12589,Razzia!
1994,305985,Mountain Goats
1995,7858,Ardennes '44: The Battle of the Bulge
1996,156496,March of the Ants
1997,472,DungeonQuest
1998,189660,XenoShyft: Dreadmire
1999,19526,Elasund: The First City
