game_id,name
224517,Brass: Birmingham
161936,Pandemic Legacy: Season 1
174430,Gloomhaven
342942,Ark Nova
233078,Twilight Imperium: Fourth Edition
167791,Terraforming Mars
291457,Gloomhaven: Jaws of the Lion
316554,Dune: Imperium
115746,War of the Ring: Second Edition
187645,Star Wars: Rebellion
162886,Spirit Island
220308,Gaia Project
182028,Through the Ages: A New Story of Civilization
12333,Twilight Struggle
193738,Great Western Trail
169786,Scythe
84876,The Castles of Burgundy
173346,7 Wonders Duel
167355,Nemesis
28720,Brass: Lancashire
246900,Eclipse: Second Dawn for the Galaxy
124361,Concordia
177736,A Feast for Odin
266507,Clank!: Legacy – Acquisitions Incorporated
266192,Wingspan
120677,Terra Mystica
205637,Arkham Horror: The Card Game
237182,Root
312484,Lost Ruins of Arnak
164928,Orléans
199792,Everdell
96848,Mage Knight Board Game
183394,Viticulture Essential Edition
341169,Great Western Trail (Second Edition)
251247,Barrage
324856,The Crew: Mission Deep Sea
175914,Food Chain Magnate
192135,Too Many Bones
285774,Marvel Champions: The Card Game
256960,Pax Pamir: Second Edition
3076,Puerto Rico
247763,Underwater Cities
102794,Caverna: The Cave Farmers
170216,Blood Rage
185343,Anachrony
31260,Agricola
295947,Cascadia
184267,On Mars
314040,Pandemic Legacy: Season 0
221107,Pandemic Legacy: Season 2
205059,Mansions of Madness: Second Edition
521,Crokinole
276025,Maracaibo
126163,Tzolk'in: The Mayan Calendar
255984,Sleeping Gods
284378,Kanban EV
2651,Power Grid
161533,Lisboa
284083,The Crew: The Quest for Planet Nine
216132,Clans of Caledonia
244521,The Quacks of Quedlinburg
35677,Le Havre
164153,Star Wars: Imperial Assault
266810,Paladins of the West Kingdom
125153,The Gallerist
209010,Mechs vs. Minions
55690,Kingdom Death: Monster
182874,Grand Austria Hotel
124742,Android: Netrunner
230802,Azul
72125,Eclipse
28143,Race for the Galaxy
253344,Cthulhu: Death May Die
191189,Aeon's End
201808,Clank!: A Deck-Building Adventure
200680,Agricola (Revised Edition)
157354,Five Tribes
25613,Through the Ages: A Story of Civilization
366013,Heat: Pedal to the Metal
159675,Fields of Arle
229853,Teotihuacan: City of Gods
110327,Lords of Waterdeep
121921,Robinson Crusoe: Adventures on the Cursed Island
171623,The Voyages of Marco Polo
295770,Frosthaven
62219,Dominant Species
68448,7 Wonders
317985,Beyond the Sun
231733,Obsession
180263,The 7th Continent
264220,Tainted Grail: The Fall of Avalon
236457,Architects of the West Kingdom
93,El Grande
279537,The Search for Planet X
37111,Battlestar Galactica: The Board Game
122515,Keyflower
18602,Caylus
225694,Decrypto
170042,Raiders of the North Sea
172386,Mombasa
155821,Inis
40834,Dominion: Intrigue
42,Tigris & Euphrates
73439,Troyes
203993,Lorenzo il Magnifico
146021,Eldritch Horror
269385,The Lord of the Rings: Journeys in Middle-Earth
163068,Trickerion: Legends of Illusion
12493,Twilight Imperium: Third Edition
144733,Russian Railroads
163412,Patchwork
102680,Trajan
205896,Rising Sun
218417,Aeon's End: War Eternal
36218,Dominion
281259,The Isle of Cats
256916,Concordia Venus
233371,Clank! In! Space!: A Deck-Building Adventure
175640,Vinhos: Deluxe Edition
178900,Codenames
198928,Pandemic: Iberia
172287,Champions of Midgard
4098,Age of Steam
132531,Roll for the Galaxy
175155,Forbidden Stars
196340,Yokohama
43015,Hansa Teutonica
266524,PARKS
263918,Cartographers
217372,The Quest for El Dorado
310873,Carnegie
30549,Pandemic
262712,Res Arcana
274364,Watergate
118048,Targi
271055,Dwellings of Eldervale
127023,Kemet
2511,Sherlock Holmes Consulting Detective: The Thames Murders & Other Cases
161970,Alchemists
233398,Endeavor: Age of Sail
271324,It's a Wonderful World
147020,Star Realms
308765,Praga Caput Regni
220877,Rajas of the Ganges
254640,Just One
146652,Legendary Encounters: An Alien Deck Building Game
34635,Stone Age
14996,Ticket to Ride: Europe
328871,Terraforming Mars: Ares Expedition
103885,Star Wars: X-Wing Miniatures Game
77423,The Lord of the Rings: The Card Game
233867,Welcome To...
148949,Istanbul
296151,Viscounts of the West Kingdom
283948,Marco Polo II: In the Service of the Khan
82222,Xia: Legends of a Drift System
244522,That's Pretty Clever!
265188,Glen More II: Chronicles
463,Magic: The Gathering
304783,Hadrian's Wall
189932,Tyrants of the Underdark
268864,Undaunted: Normandy
43111,Chaos in the Old World
54043,Jaipur
9609,War of the Ring
249259,War Chest
329082,Radlands
188920,This War of Mine: The Board Game
287954,Azul: Summer Pavilion
104162,Descent: Journeys in the Dark (Second Edition)
12,Ra
10630,Memoir '44
282524,Horrified
209418,Dominion (Second Edition)
39463,Cosmic Encounter
17133,Railways of the World
128882,The Resistance: Avalon
155426,Castles of Mad King Ludwig
294484,Unmatched: Cobble & Fog
199561,Sagrada
70149,Ora et Labora
103343,A Game of Thrones: The Board Game (Second Edition)
291453,SCOUT
31627,Ticket to Ride: Nordic Countries
150376,Dead of Winter: A Crossroads Game
25021,Sekigahara: The Unification of Japan
14105,Commands & Colors: Ancients
123260,Suburbia
242302,Space Base
227224,The Red Cathedral
104006,Village
171131,Captain Sonar
283355,Dune
188,Go
221194,Dinosaur Island
235802,Too Many Bones: Undertow
148228,Splendor
21050,Combat Commander: Europe
271896,Star Wars: Outer Rim
195421,Near and Far
182631,Star Realms: Colony Wars
245638,Coimbra
300531,Paleo
126042,Nations
283155,Calico
215,Tichu
822,Carcassonne
293014,Nidavellir
91,Paths of Glory
118,Modern Art
306735,Under Falling Skies
310100,Nemesis: Lockdown
7854,YINSH
314491,Meadow
9209,Ticket to Ride
54998,Cyclades
285967,Ankh: Gods of Egypt
146886,La Granja
224037,Codenames: Duet
188834,Secret Hitler
318977,MicroMacro: Crime City
295486,My City
129437,Legendary: A Marvel Deck Building Game
156129,Deception: Murder in Hong Kong
176189,Zombicide: Black Plague
158600,Hanamikoji
232832,Century: Golem Edition
269207,The Taverns of Tiefenthal
109276,Kanban: Driver's Edition
223321,Detective: A Modern Crime Board Game
169426,Roll Player
227935,Wonderland's War
555,The Princes of Florence
241451,Aeon's End: Legacy
199478,Flamme Rouge
239188,Chronicles of Crime
192291,Sushi Go Party!
9216,Goa: A New Expedition
339789,Welcome to the Moon
274637,"Unmatched: Battle of Legends, Volume One"
194655,Santorini
176494,Isle of Skye: From Chieftain to King
19857,Glory to Rome
228341,Pulsar 2849
198994,Hero Realms
223040,Fantasy Realms
20551,Shogun
421,1830: Railways & Robber Barons
31481,Galaxy Trucker
364073,Splendor Duel
146508,T.I.M.E Stories
165722,KLASK
27708,1960: The Making of the President
3,Samurai
128621,Viticulture
27833,Steam
350184,Earth
300322,Hallertau
140620,Lewis & Clark: The Expedition
232405,Western Legends
260605,Camel Up (Second Edition)
286096,Tapestry
127060,Bora Bora
277659,Final Girl
155068,Arcadia Quest
204583,Kingdomino
305096,Endless Winter: Paleoamericans
224783,Vindication
251661,Oathsworn: Into the Deepwood
144344,Rococo
760,Battle Line
92828,Dixit: Odyssey
302723,Forgotten Waters
108745,Seasons
24181,Imperial
206718,Ethnos
176734,The Manhattan Project: Energy Empire
155873,Power Grid Deluxe: Europe/North America
246784,Cryptid
2655,Hive
66589,Navegador
97207,Dungeon Petz
299659,Clash of Cultures: Monumental Edition
316377,7 Wonders (Second Edition)
19777,Indonesia
22545,Age of Empires III: The Age of Discovery
311193,Anno 1800
139976,Cthulhu Wars
187617,Nemo's War (Second Edition)
38453,Space Alert
244271,Dice Throne: Season Two – Battle Chest
160477,Onitama
181279,Fury of Dracula (Third/Fourth Edition)
230253,Star Realms: Frontiers
154203,Imperial Settlers
46213,Telestrations
156546,Monikers
298047,Marvel United
143693,Glass Road
93260,Summoner Wars: Master Set
54138,Imperial 2030
59294,Runewars
48726,Alien Frontiers
227789,Heaven & Ale
257499,Arkham Horror (Third Edition)
13122,Antiquity
203420,Exit: The Game – The Abandoned Cabin
209685,Century: Spice Road
54,Tikal
163967,Tiny Epic Galaxies
136888,Bruges
2653,Survive: Escape from Atlantis!
291572,Oath: Chronicles of Empire and Exile
222509,Lords of Hellas
129622,Love Letter
258779,Planet Unknown
172081,Burgle Bros.
193037,Dead of Winter: The Long Night
184921,Bunny Kingdom
245655,The King's Dilemma
366161,Wingspan Asia
188866,Awkward Guests: The Walton Case
270633,Aeon's End: The New Age
5,Acquire
172818,Above and Below
140934,Arboretum
172,For Sale
40692,Small World
50,Lost Cities
285192,Destinies
297562,Kemet: Blood and Sand
323612,Bitoku
45315,Dungeon Lords
304420,Bonfire
146439,BattleLore: Second Edition
25292,Merchants & Marauders
111341,The Great Zimbabwe
77130,Sid Meier's Civilization: The Board Game
234277,Nusfjord
256680,Return to Dark Tower
176920,Mission: Red Planet (Second Edition)
219513,Bärenpark
297030,Tekhenu: Obelisk of the Sun
21241,Neuroshima Hex! 3.0
59959,Letters from Whitechapel
39856,Dixit
234,Hannibal: Rome vs. Carthage
181304,Mysterium
199042,Harry Potter: Hogwarts Battle
70919,Takenoko
319966,The King Is Dead: Second Edition
47,Chinatown
163745,Star Wars: Armada
37046,Ghost Stories
119890,Agricola: All Creatures Big and Small
192458,51st State: Master Set
41114,The Resistance
234487,Altiplano
101721,Mage Wars Arena
63888,Innovation
128271,Ginkgopolis
246192,Gizmos
8217,San Juan
295374,Long Shot: The Dice Game
90137,Blood Bowl: Team Manager – The Card Game
318184,Imperium: Classics
244711,Newton
25554,Notre Dame
39683,At the Gates of Loyang
250458,Gùgōng
245934,Carpe Diem
24480,The Pillars of the Earth
155987,Abyss
284653,Mind MGMT: The Psychic Espionage “Game.”
150145,Skull King
318084,Furnace
182134,Evolution: Climate
269210,Twice as Clever!
9217,Saint Petersburg
1,Die Macher
301880,Raiders of Scythia
240980,Blood on the Clocktower
260428,Pandemic: Fall of Rome
215311,Downforce
40354,Maria
33160,Endeavor
17392,Here I Stand
195539,The Godfather: Corleone's Empire
70323,King of Tokyo
277085,Love Letter
31594,In the Year of the Dragon
21348,Ticket to Ride: Märklin
262211,Cloudspire
365717,Clank!: Catacombs
265736,Tiny Towns
144592,Bruxelles 1893
256226,Azul: Stained Glass of Sintra
372,Schotten Totten
236191,London (Second Edition)
202426,Sidereal Confluence
166669,San Juan (Second Edition)
71,Civilization
15987,Arkham Horror
336986,Flamecraft
194594,Dice Forge
329839,So Clover!
198773,Codenames: Pictures
246684,Smartphone Inc.
170771,Sword & Sorcery
204305,Sherlock Holmes Consulting Detective: Jack the Ripper & West End Adventures
154809,Nippon
40765,Clash of Cultures
251658,Sprawlopolis
161614,Stockpile
351913,Tiletum
229220,Santa Maria
54625,Space Hulk (Third Edition)
92415,Skull
138161,Firefly: The Game
186751,Mythic Battles: Pantheon
121,Dune
36932,Claustrophobia
128671,Spartacus: A Game of Blood and Treachery
66188,Fresco
55670,Macao
260180,Project L
243,Advanced Squad Leader
124708,Mice and Mystics
34219,Biblios
63628,The Manhattan Project
274638,Unmatched: Robin Hood vs. Bigfoot
298069,Cubitos
215341,Thunderstone Quest
262543,Wavelength
332800,Summoner Wars (Second Edition)
258210,Blitzkrieg!: World War Two in 20 Minutes
100901,Flash Point: Fire Rescue
151347,Millennium Blades
27162,Kingsburg
293141,King of Tokyo: Dark Edition
171,Chess
270844,Imperial Settlers: Empires of the North
66362,Glen More
96913,Lancaster
256730,Pipeline
11170,Heroscape Master Set: Rise of the Valkyrie
79828,A Few Acres of Snow
332772,Revive
18833,Lord of the Rings: The Confrontation
176396,Quadropolis
192153,Pandemic: Reign of Cthulhu
274960,Point Salad
150,PitchCar
364011,Great Western Trail: Argentina
264241,Mandala
156858,Black Orchestra
325494,ISS Vanguard
194607,Mystic Vale
169427,Middara: Unintentional Malum – Act 1
137408,Amerigo
290236,Canvas
25417,BattleLore
197376,Charterstone
62222,Commands & Colors: Napoleonics
233312,Stuffed Fables
343905,Boonlake
150658,Pandemic: The Cure
284742,Honey Buzz
322289,Darwin's Journey
5404,Amun-Re
15985,Blood Bowl: Living Rulebook
105134,Risk Legacy
158899,Colt Express
226522,Exit: The Game – Dead Man on the Orient Express
269144,Hadara
157969,Sheriff of Nottingham
205398,Citadels
712,Blood Bowl (Third Edition)
146791,Shadows of Brimstone: City of the Ancients
336382,Marvel United: X-Men
478,Citadels
136063,Forbidden Desert
162082,Deus
83330,Mansions of Madness
20437,Lords of Vegas
144189,Fire in the Lake
232414,Oceans
17226,Descent: Journeys in the Dark
98778,Hanabi
15062,Shadows over Camelot
12942,No Thanks!
128996,1775: Rebellion
240196,Betrayal Legacy
62227,"Labyrinth: The War on Terror, 2001 – ?"
43570,Friday
193042,Junk Art
256952,Zombie Kidz Evolution
177639,Raptor
216600,Fantastic Factories
17405,1846: The Race for the Midwest
175095,Dawn of the Zeds (Third Edition)
13,CATAN
180974,Potion Explosion
191862,Imhotep
245654,Railroad Ink: Deep Blue Edition
262215,Blackout: Hong Kong
11,Bohnanza
119506,Freedom: The Underground Railroad
315767,Cartographers Heroes
303057,Pan Am
247367,"Air, Land, & Sea"
21790,Thurn and Taxis
97786,Small World Underground
206480,Imperial Struggle
144797,Argent: The Consortium
206941,First Class: All Aboard the Orient Express!
322708,Descent: Legends of the Dark
156009,Port Royal
65781,London
239942,Black Rose Wars
142379,Escape Plan
105551,Archipelago
171668,The Grizzled
9674,Ingenious
95527,Madeira
252328,Star Wars: X-Wing (Second Edition)
31999,TZAAR
221965,The Fox in the Forest
125618,Libertalia
36553,Time's Up! Title Recall!
127398,Legends of Andor
6249,Alhambra
90419,Airlines Europe
276182,Dead Reckoning
18,RoboRally
220,High Society
147949,One Night Ultimate Werewolf
163968,Elysium
875,Roads & Boats
91312,Discworld: Ankh-Morpork
290359,Undaunted: North Africa
123123,BattleCON: Devastation of Indines
133848,Euphoria: Build a Better Dystopia
177478,IKI
31730,Wabash Cannonball
133473,Sushi Go!
245961,Fleet: The Dice Game
284189,Foundations of Rome
102652,Sentinels of the Multiverse
27173,Vikings
97842,Last Will
196326,Love Letter: Premium Edition
153938,Camel Up
284435,Nova Luna
292375,The Great Wall
345584,Mindbug: First Contact
58421,Egizia
181530,Runebound (Third Edition)
232043,Queendomino
183251,Karuba
42052,Vinhos
265402,In the Hall of the Mountain King
84419,Space Empires 4X
170561,Valeria: Card Kingdoms
22827,StarCraft: The Board Game
475,Taj Mahal
34119,Tales of the Arabian Nights
128780,Pax Porfiriana
28023,Jamaica
27746,Colosseum
117959,Las Vegas
133038,Pathfinder Adventure Card Game: Rise of the Runelords – Base Set
151022,Baseball Highlights: 2045
503,Through the Desert
283393,Aquatica
15363,Nexus Ops
248490,Atlantis Rising (Second Edition)
2346,DVONN
192836,The Colonists
141572,Paperback
159508,AquaSphere
4390,Carcassonne: Hunters and Gatherers
172308,Broom Service
338834,MicroMacro: Crime City – Full House
350316,Wayfarers of the South Tigris
318182,Imperium: Legends
264055,Draftosaurus
42215,Tobago
345972,Cat in the Box: Deluxe Edition
280794,Etherfields
216734,Dice Throne: Season One
130960,Triumph & Tragedy: European Balance of Power 1936-1945
39351,Automobile
155703,Evolution
9625,Struggle of Empires
193949,Star Trek: Ascendancy
269511,Cooper Island
39938,Carson City
356033,Libertalia: Winds of Galecrest
205359,Star Wars: Destiny
270673,Silver & Gold
160010,Conan
140603,Francis Drake
3685,Hammer of the Scots
131357,Coup
266830,QE
170624,Crusaders: Thy Will Be Done
6472,A Game of Thrones
135219,The Battle of Five Armies
42776,Gears of War: The Board Game
340466,Unfathomable
212445,Blood Bowl (2016 Edition)
266121,Unlock!: Heroic Adventures
218603,Photosynthesis
316412,The LOOP
356123,Turing Machine
143519,Quantum
113924,Zombicide
30869,Thebes
374173,Star Wars: The Deckbuilding Game
286751,Zombicide: 2nd Edition
111799,Cuba Libre
169255,A Game of Thrones: The Card Game (Second Edition)
328565,Caper: Europe
332686,John Company: Second Edition
183562,Star Wars: X-Wing Miniatures Game – The Force Awakens Core Set
5782,Coloretto
325635,Unmatched: Little Red Riding Hood vs. Beowulf
242705,Aeon Trespass: Odyssey
432,6 nimmt!
224710,Zombicide: Green Horde
190082,Whitehall Mystery
10547,Betrayal at House on the Hill
699,HeroQuest
174785,Mare Nostrum: Empires
37904,Formula D
119432,Snowdonia
46,Medici
355093,Woodcraft
198953,Pax Renaissance
24508,Taluva
1353,Time's Up!
244115,Shards of Infinity
163166,One Night Ultimate Werewolf: Daybreak
257501,KeyForge: Call of the Archons
293296,Splendor: Marvel
209778,Magic Maze
1513,The Republic of Rome
121408,Trains
13004,The Downfall of Pompeii
357563,Akropolis
296912,Fort
171499,Cacao
180511,Shakespeare
308119,Pax Renaissance: 2nd Edition
107529,Kingdom Builder
3201,Lord of the Rings: The Confrontation
350933,The Guild of Merchant Explorers
552,Bus
21763,Mr. Jack
258036,Between Two Castles of Mad King Ludwig
50750,Belfort
58281,Summoner Wars
318009,Dinosaur Island: Rawr 'n Write
100423,Elder Sign
271518,Disney Villainous: Wicked to the Core
73171,Earth Reborn
30380,Cuba
135779,A Fake Artist Goes to New York
300300,Chronicles of Crime: 1400
70512,Luna
88,Torres
153016,Telestrations: 12 Player Party Pack
113294,Escape: The Curse of the Temple
336794,Galaxy Trucker (Second Edition)
121288,Dixit: Journey
233247,Civilization: A New Dawn
2398,Cribbage
203416,Exit: The Game – The Pharaoh's Tomb
150997,Shadows of Brimstone: Swamps of Death
126792,Myrmes
163839,Feudum
134726,Smash Up: Awesome Level 9000
193558,The Oracle of Delphi
307002,Regicide
213893,Yamataï
132018,Churchill
306040,Merv: The Heart of the Silk Road
2955,Mexica
242639,Treasure Island
231581,AuZtralia
154825,Arkwright
304051,Creature Comforts
87890,Prêt-à-Porter
123540,Tokaido
284760,Disney Villainous: Evil Comes Prepared
69789,Ascension: Deckbuilding Game
244114,Yellow & Yangtze
65532,Defenders of the Realm
20963,Fury of Dracula (Second Edition)
283864,Trails of Tucana
160495,ZhanGuo
29603,D-Day at Omaha Beach
283863,The Magnificent
173064,Leaving Earth
146278,Tash-Kalar: Arena of Legends
165401,Wir sind das Volk!
256999,Project: ELITE
168584,Love Letter: Batman
218074,Detective: City of Angels
270970,Century: A New World
155624,Specter Ops
311988,Frostpunk: The Board Game
296237,Warp's Edge
7717,Carcassonne: The Castle
116998,Thunderstone Advance: Towers of Ruin
156336,Onirim (Second Edition)
298383,Golem
301255,Whistle Mountain
226320,My Little Scythe
162007,Steampunk Rally
214880,City of the Big Shoulders
167400,Ashes Reborn: Rise of the Phoenixborn
71721,Space Hulk: Death Angel – The Card Game
232219,Dragon Castle
281442,Trismegistus: The Ultimate Formula
183840,Oh My Goods!
72321,The Networks
181521,Warhammer Quest: The Adventure Card Game
143741,BANG! The Dice Game
15364,Vegas Showdown
273330,Bloodborne: The Board Game
73761,K2
249381,The Estates
204472,Sub Terra
9823,Advanced Squad Leader: Starter Kit #1
242574,Century: Eastern Wonders
346965,Azul: Queen's Garden
3307,Wallenstein
22345,Yspahan
241724,Villagers
483,Diplomacy
55600,Shipyard
328866,My Father's Work
20100,Wits & Wagers
31563,Middle-Earth Quest
143515,Coal Baron
168435,Between Two Cities
349067,The Lord of the Rings: The Card Game – Revised Core Set
280480,Crystal Palace
256382,Disney Villainous
279613,Unlock!: Timeless Adventures
214887,CO₂: Second Chance
300877,New York Zoo
68425,Eminent Domain
321608,Hegemony: Lead Your Class to Victory
180593,The Bloody Inn
255692,New Frontiers
202670,Ticket to Ride: Rails & Sails
173442,Empires: Age of Discovery
244228,Reef
21882,Blue Moon City
220517,The Shipwreck Arcana
11825,Empire of the Sun
201825,Ex Libris
220520,Caverna: Cave vs Cave
47185,Warhammer: Invasion
218333,Rhino Hero: Super Battle
192457,Cry Havoc
200147,Kanagawa
156943,Saint Petersburg (Second Edition)
43528,World Without End
284777,Unmatched: Jurassic Park – InGen vs Raptors
41,Can't Stop
2163,Space Hulk
162286,Super Motherload
326494,The Adventures of Robin Hood
169654,Deep Sea Adventure
179803,Arcadia Quest: Inferno
2453,Blokus
158435,Dogs of War
586,Up Front
244608,Menara
170416,Vast: The Crystal Caverns
256570,Crown of Emara
40628,Finca
36235,The Duke
230244,Black Angel
328479,Living Forest
204516,878 Vikings: Invasions of England
137988,Zombicide Season 2: Prison Outbreak
203417,Exit: The Game – The Secret Lab
237179,Weather Machine
251678,Railroad Ink: Blazing Red Edition
306881,Railroad Ink Challenge: Lush Green Edition
45,Perudo
171273,FUSE
198830,"Heroes of Land, Air & Sea"
307305,Bullet♥︎
51,Ricochet Robots
131287,Panamax
160499,King of New York
218121,Dice Hospital
276498,Paris: La Cité de la Lumière
26997,1989: Dawn of Freedom
91872,Dungeons & Dragons: The Legend of Drizzt Board Game
181687,The Pursuit of Happiness
110277,Among the Stars
179172,Unfair
252153,Tang Garden
1035,Squad Leader
217780,Gentes
348450,Lacrimosa
12002,Jambo
161417,Red7
337765,Brian Boru: High King of Ireland
218479,Cerebria: The Inside World
346703,7 Wonders: Architects
191051,Outlive
197443,Fugitive
156566,Lords of Xidit
194879,Not Alone
30957,Tribune: Primus Inter Pares
15512,Incan Gold
79127,Star Trek: Fleet Captains
238799,Messina 1347
117915,Yedo
30645,Tammany Hall
175117,Celestia
179275,One Deck Dungeon
41002,Vasco da Gama
176165,Dale of Merchants
38996,Washington's War
163602,XCOM: The Board Game
1465,Wizard
12962,Reef Encounter
28181,Combat Commander: Pacific
234671,Pandemic: Rising Tide
177590,"13 Days: The Cuban Missile Crisis, 1962"
145659,Scoville
227460,Hannibal & Hamilcar
299047,Disney Villainous: Perfectly Wretched
275467,Letter Jam
16747,Tumblin' Dice
528,ZÈRTZ
244331,Blue Lagoon
103886,Star Wars: The Card Game
148729,Maquis
266164,Babylonia
361545,Twilight Inscription
24800,Conflict of Heroes: Awakening the Bear! – Russia 1941-42
8125,Santiago
254386,Raccoon Tycoon
12891,Friedrich
262941,Dominant Species: Marine
122298,Morels
256788,Detective Club
214029,SpaceCorp: 2025-2300AD
228328,Rurik: Dawn of Kiev
18098,Napoleon's Triumph
277700,Merchants Cove
158889,Summoner Wars: Alliances Master Set
285984,Last Bastion
137269,Spyrium
119788,Hyperborea
12902,Carcassonne: The City
65244,Forbidden Island
253499,A War of Whispers
234477,Battle for Rokugan
216459,The Lost Expedition
91514,Rhino Hero
166384,Spyfall
264052,Circadians: First Light
113997,Tajemnicze Domostwo
56692,Parade
94,Union Pacific
26990,Container
148575,Marvel Dice Masters: Avengers vs. X-Men
272739,Clinic: Deluxe Edition
155362,Ca$h 'n Guns: Second Edition
244992,The Mind
129948,The Palaces of Carrara
318560,Witchstone
53953,Thunderstone
195137,Catacombs (Third Edition)
37380,Roll Through the Ages: The Bronze Age
299684,Khôra: Rise of an Empire
35570,Tinners' Trail
1041,San Marco
219215,Werewords
131260,Qwixx
139898,Brew Crafters
154458,Akrotiri
329465,Red Rising
29368,Last Night on Earth: The Zombie Game
177678,Signorie
173,Formula Dé
291845,Three Sisters
295895,Distilled
2093,Mahjong
98229,Pictomania
223953,Kitchen Rush
315610,Massive Darkness 2: Hellscape
198740,Lovecraft Letter
245643,Luxor
267319,Roam
196526,Coffee Roaster
248065,Zombicide: Invader
329551,Mosaic: A Story of Civilization
239472,Abomination: The Heir of Frankenstein
1345,Genoa
132028,Conflict of Heroes: Awakening the Bear! – Operation Barbarossa 1941 (Second Edition)
82421,Summoner Wars: Phoenix Elves vs Tundra Orcs
317457,Dinosaur World
41066,Virgin Queen
2181,Bridge
238992,Call to Adventure
239464,Palm Island
26566,Homesteaders
270314,Ohanami
224597,Warhammer Underworlds: Shadespire
9440,Maharaja: The Game of Palace Building in India
904,Nightmare Productions
335764,"Unmatched: Battle of Legends, Volume Two"
148319,Tragedy Looper
160851,Lanterns: The Harvest Festival
108906,Thunder Alley
294612,Unlock!: Epic Adventures
316546,Clever Cubed
231218,Black Sonata
172047,The Others
195560,Wasteland Express Delivery Service
235488,Istanbul: The Dice Game
272738,Jaws
202408,Adrenaline
156689,Legendary: A Marvel Deck Building Game – Villains
281655,High Frontier 4 All
13642,Louis XIV
284818,Caylus 1303
59946,Dungeons & Dragons: Castle Ravenloft Board Game
197405,Tak
98351,Core Worlds
27976,Heroscape Master Set: Swarm of the Marro
331787,Tiny Epic Dungeons
151004,Smash Up: Science Fiction Double Feature
8051,Attika
210296,DinoGenics
66356,Dungeons & Dragons: Wrath of Ashardalon Board Game
201921,Tiny Epic Quest
25669,Qwirkle
27588,Zooloretto
38054,Snow Tails
491,Web of Power
199966,Kingsburg (Second Edition)
240,Britannia
193214,Meeple Circus
245487,Orchard: A 9 card solitaire game
242804,Lowlands
207830,5-Minute Dungeon
147151,Concept
191977,The Castles of Burgundy: The Card Game
108784,Ascension: Storm of Souls
203427,Fabled Fruit
82420,Summoner Wars: Guild Dwarves vs Cave Goblins
298065,Santa Monica
112,Condottiere
52461,Legacy: The Testament of Duke de Crecy
65901,Age of Industry
233262,Tidal Blades: Heroes of the Reef
249277,Brazil: Imperial
106217,Hawaii
334065,Verdant
125678,DC Comics Deck-Building Game
212402,The Grimm Forest
271601,Feed the Kraken
154086,Gold West
228504,Cat Lady
169124,Flick 'em Up!
291508,Tiny Epic Dinosaurs
295564,Unmatched Game System
353288,Trekking Through History
370913,Star Wars: The Clone Wars
195314,Herbaceous
351040,Ready Set Bet
66056,Rivals for Catan
227515,Riverboat
15817,Manila
554,La Città
19600,Antike
66505,The Speicherstadt
171669,Discoveries: The Journals of Lewis & Clark
182340,Star Trek: Frontiers
95064,Ascension: Return of the Fallen
347703,First Rat
224,History of the World
180680,Automobiles
281466,Yedo: Deluxe Master Set
174570,Legendary Encounters: A Predator Deck Building Game
244654,Wildlands
218509,Empires of the Void II
254708,Roll Player Adventures
157403,Black Fleet
161882,Irish Gauge
1382,Winner's Circle
204027,Cottage Garden
242684,Reavers of Midgard
178336,World's Fair 1893
290484,Unsettled
359438,Skymines
270971,Era: Medieval Age
939,Star Wars: The Queen's Gambit
164949,"Time of Crisis: The Roman Empire in Turmoil, 235-284 AD"
230080,Majesty: For the Realm
72287,Mr. Jack Pocket
279254,Ecos: First Continent
276894,Ticket to Ride: London
207243,The City of Kings
200077,Mint Works
8203,"Hey, That's My Fish!"
318553,Rajas of the Ganges: The Dice Charmers
200954,Fields of Green
141517,A Study in Emerald
11971,Cockroach Poker
207691,Railroad Revolution
104710,Wiz-War (Eighth Edition)
150999,Valley of the Kings
241266,Little Town
229892,Container: 10th Anniversary Jumbo Edition!
168917,Smash Up: Pretty Pretty Smash Up
177524,ICECOOL
253284,Ticket to Ride: New York
75449,Firenze
69779,Polis: Fight for the Hegemony
163154,Falling Sky: The Gallic Revolt Against Caesar
156776,"Warhammer 40,000: Conquest"
172931,Outfoxed!
40793,Dice Town
158275,Marvel Dice Masters: Uncanny X-Men
191300,Archaeology: The New Expedition
270239,Moonrakers
131646,Merchant of Venus (Second Edition)
161866,Zombicide Season 3: Rue Morgue
185589,Islebound
127518,A Distant Plain
157809,Nations: The Dice Game
165838,Space Hulk (Fourth Edition)
300905,Top Ten
217449,NMBR 9
217861,Paper Tales
300217,Merchants of the Dark Road
72225,CO₂
338760,Imperial Steam
823,The Lord of the Rings
208024,The Reckoners
194517,Super Fantasy Brawl
299960,Alma Mater
256589,Rallyman: GT
191231,Via Nebula
35497,Fauna
359609,Arkham Horror: The Card Game (Revised Edition)
23540,Shikoku 1889
130176,Tales & Games: The Hare & the Tortoise
104363,Rex: Final Days of an Empire
25568,Metropolys
153065,Linko!
223770,Startups
681,Quarto
314503,Codex Naturalis
176371,Explorers of the North Sea
171233,The Big Book of Madness
6830,Zendo
338957,Caesar!: Seize Rome in 20 Minutes!
136991,Loony Quest
1822,Wilderness War
160018,Smash Up: Monster Smash
245476,CuBirds
146312,Ghost Fightin' Treasure Hunters
198454,When I Dream
134352,Two Rooms and a Boom
21523,Runebound: Second Edition
22825,Tide of Iron
223750,Hardback
60,Vinci
85897,Thunderstone: Dragonspire
194880,Dream Home
35052,Axis & Allies Anniversary Edition
122522,Smash Up
45986,Stronghold
97903,Terror in Meeple City
1301,Netrunner
16992,Tsuro
55427,Mr. Jack in New York
233571,Star Wars: Legion
306481,Tawantinsuyu: The Inca Empire
91536,Quarriors!
299169,Spicy
1608,Ambush!
222514,Batman: Gotham City Chronicles
221,Ikusa
18100,China
261114,Men at Work
228855,Set a Watch
230933,Merlin
300327,The Castles of Tuscany
181796,The Prodigals Club
252526,Pictomania (Second Edition)
145639,Coconuts
309630,Small World of Warcraft
142326,Eight-Minute Empire: Legends
37628,Haggis
287084,Oriflamme
175199,Mottainai
24068,Shadow Hunters
89409,BattleCON: War of Indines
17329,Animal Upon Animal
229265,Wendake
276042,Conspiracy: Abyss Universe
176544,Automania
551,Battle Cry
297129,Jekyll vs. Hyde
152162,Diamonds: Second Edition
135382,Shadowrun: Crossfire
206051,Insider
271529,Botanik
318983,Faiyum
37836,"Julius Caesar: Caesar, Pompey, and the Roman Civil War"
141423,Dead Men Tell No Tales
159473,Quartermaster General
145371,Three Kingdoms Redux
205597,Jump Drive
163642,Chimera Station
164265,Witness
234669,Legacy of Dragonholt
71671,Yggdrasil
241590,Smart10
327,Loopin' Louie
67492,Battles of Westeros
206931,Encore!
5737,Domaine
183571,Deep Space D-6
346501,Mille Fiori
207336,Honshū
273477,Obscurio
271869,Sushi Roll
251412,On Tour
216092,Unlock!: Escape Adventures – Squeek & Sausage
278,Catan Card Game
1634,Warhammer Quest
244049,Forum Trajanum
91080,Andean Abyss
156091,Sons of Anarchy: Men of Mayhem
94246,1812: The Invasion of Canada
183880,Risk: Star Wars Edition
104020,Vanuatu
129736,Cockroach Poker Royal
353545,Next Station: London
833,For the People
95103,Fortune and Glory: The Cliffhanger Game
44163,Power Grid: Factory Manager
295607,Canopy
305682,Rolling Realms
293889,Fallout Shelter: The Board Game
197070,Massive Darkness
124,Primordial Soup
143884,Machi Koro
301767,Mysterium Park
68264,No Retreat! The Russian Front
173090,The Game
232918,Fallout
128721,Crisis
221318,Whistle Stop
154246,La Isla
27364,Caylus Magna Carta
340041,Kingdomino Origins
182694,Watson & Holmes
354,Stick 'Em
184151,Legend of the Five Rings: The Card Game
8989,Hansa
213266,Circle the Wagons
257518,Claustrophobia 1643
140933,Blueprints
121410,Steam Park
195162,Plague Inc.: The Board Game
34084,Witch's Brew
226520,Exit: The Game – The Sinister Mansion
342848,World of Warcraft: Wrath of the Lich King
329845,Stella: Dixit Universe
151007,Pathfinder Adventure Card Game: Skull & Shackles – Base Set
8045,Princes of the Renaissance
244536,Tiny Epic Zombies
137297,Rise of Augustus
82168,Escape from the Aliens in Outer Space
105,Colossal Arena
17396,Manoeuvre
13823,Fairy Tale
137649,Level 7 [Omega Protocol]
187377,Vikings Gone Wild
171879,Kraftwagen
343562,Horrified: American Monsters
173101,Council of 4
22141,Cleopatra and the Society of Architects
1115,Poker
300753,Cross Clues
256606,Spirits of the Wild
527,GIPF
121297,Fleet
281194,Flick of Faith
180899,Ponzi Scheme
230085,Agra
233961,Claim
126100,Mythos Tales
152470,Fief: France 1429
30381,Hamburgum
43443,Castle Panic
102548,Dungeon Fighter
174660,New York 1901
192074,Odin's Ravens (Second Edition)
16395,Blokus Duo
204836,Escape Room: The Game
123955,Thunderbolt Apache Leader
35815,A Touch of Evil: The Supernatural Game
253608,18Chesapeake
325022,Coffee Traders
91873,Strasbourg
247236,Duelosaur Island
42910,Peloponnes
159504,Folklore: The Affliction
302098,Chronicles of Crime: 1900
147303,Carcassonne: South Seas
271319,Las Vegas Royale
66837,1862: Railway Mania in the Eastern Counties
282954,Paris
50768,Ninjato
25643,Arkadia
240855,Lockup: A Roll Player Tale
154386,Medieval Academy
242722,Here I Stand: 500th Anniversary Edition
19100,Hacienda
299317,Aeon's End: Outcasts
226518,Exit: The Game – The Sunken Treasure
218421,Street Masters
104347,Santiago de Cuba
164338,The Golden Ages
177802,Smash Up: It's Your Fault!
188547,Maximum Apocalypse
238638,Castell
12995,Dungeon Twister
42452,Rattus
39953,A Game of Thrones: The Card Game
284936,Café
855,Java
165986,Royals
269595,Copenhagen
38159,Ultimate Werewolf: Ultimate Edition
228660,Betrayal at Baldur's Gate
160610,Thunderbirds
202583,Rise of Tribes
1540,BattleTech
18258,Mission: Red Planet
149155,Dead Man's Draw
268201,Dice Throne
223855,Sentient
10,Elfenland
41916,The Magic Labyrinth
25821,The Werewolves of Miller's Hollow
252752,Genotype: A Mendelian Genetics Game
113873,"The Hunters: German U-Boats at War, 1939-43"
245422,Werewords Deluxe Edition
131014,Carcassonne: Winter Edition
327711,It's a Wonderful Kingdom
157526,Viceroy
332386,Brew
191876,Ulm
134253,Hostage Negotiator
4099,Keythedral
165872,Liberty or Death: The American Insurrection
302524,Super-Skill Pinball: 4-Cade
191597,Dale of Merchants 2
1261,Medina
157001,Trains: Rising Sun
83195,Ghost Blitz
230,Merchant of Venus
132372,Guildhall
85256,Timeline: Inventions
243759,Hellboy: The Board Game
16986,Ubongo
183006,Qwinto
257614,Tussie Mussie
328908,The Initiative
302388,Back to the Future: Back in Time
2507,Liberté
23094,Planet Steam
1159,Evo
119591,Rialto
61692,Axis & Allies: Europe 1940
288169,The Fox in the Forest Duet
314088,Agropolis
284108,Pictures
310448,Zombie Teenz Evolution
9220,Saboteur
111124,Dark Moon
159503,The Captain Is Dead
826,Cartagena
224821,One Deck Dungeon: Forest of Shadows
246761,Cahoots
219100,UBOOT: The Board Game
231484,Carnival of Monsters
264982,Coloma
2842,TransAmerica
143405,Sylvion
175324,Fog of Love
60435,Rallyman
205716,New Angeles
7805,Fearsome Floors
57390,Catacombs
202077,Deep Madness
303553,Skulls of Sedlec
370591,Dorfromantik: The Board Game
272453,KeyForge: Age of Ascension
296345,Sherlock Holmes Consulting Detective: The Baker Street Irregulars
297978,Mariposas
332290,Stardew Valley: The Board Game
298371,Wild Space
255674,Imhotep: The Duel
12495,Fire & Axe: A Viking Saga
163474,V-Sabotage
232988,The Castles of Burgundy: The Dice Game
53093,Heroes of Normandie
212516,Keyper
206803,Warsaw: City of Ruins
9203,Wings of War: Famous Aces
301257,Maglev Metro
117985,Star Trek: Catan
38823,Conflict of Heroes: Storms of Steel! – Kursk 1943
2338,Starship Catan
219101,Pavlov's House
268620,Similo
326945,Castles of Mad King Ludwig: Collector's Edition
217085,Unearth
291859,Riftforce
215841,Exit: The Game – The Forgotten Island
272380,SHŌBU
30618,Eat Poop You Cat
362452,Atiwa
106,Mystery Rummy: Jack the Ripper
15126,Advanced Squad Leader: Starter Kit #2
312267,Star Wars: Unlock!
233020,Fireball Island: The Curse of Vul-Kar
103,Titan
1897,The Starfarers of Catan
229491,Edge of Darkness
134453,The Little Prince: Make Me a Planet
204505,Museum
200853,Habitats
150312,Welcome to the Dungeon
394,Kahuna
199383,Calimala
21441,Mykerinos
199,Manhattan
340677,Bad Company
10640,Doom: The Boardgame
180040,Villages of Valeria
172385,Porta Nigra
127024,Room 25
257769,Walking in Burano
105037,Tournay
63268,Spot it!
295293,The Thing: The Boardgame
184424,Mega Civilization
281946,Aftermath
166226,The Staufer Dynasty
159109,XenoShyft: Onslaught
297985,Battle Line: Medieval
15,Cosmic Encounter
302425,Unlock!: Mythic Adventures
116,Guillotine
33604,Say Anything
244191,Naga Raja
123570,Strike
254591,Heroes of Terrinoth
98527,Gloom of Kilforth: A Fantasy Quest Game
216091,Unlock!: Escape Adventures – The Formula
163413,Murano
322622,Floriferous
283294,Yukon Airways
272533,Kingdom Rush: Rift in Time
1403,Turn the Tide
39684,Merkator
179460,Stronghold: 2nd edition
244918,Exit: The Game – The Mysterious Museum
72991,Asara
151771,La Cosa Nostra
339958,Gutenberg
256997,Perseverance: Castaway Chronicles – Episodes 1 & 2
316858,CloudAge
205418,Agricola: Family Edition
167513,Barony
113401,Timeline: Events
246663,NEOM
225244,Ticket to Ride: Germany
215842,Exit: The Game – The Polar Station
22038,Warrior Knights
15818,Pickomino
333255,Keep the Heroes Out!
298102,Roll Camera!: The Filmmaking Board Game
342810,Marrakesh
311715,Mini Rogue
878,Wyatt Earp
227456,Escape the Dark Castle
167270,Medina (Second Edition)
271615,The Quest for El Dorado: The Golden Temples
304285,Infinity Gauntlet: A Love Letter Game
340325,Vagrantsong
351526,Encyclopedia
362944,War of the Ring: The Card Game
200057,Pioneer Days
291962,Paper Dungeons: A Dungeon Scrawler Game
253214,Escape Tales: The Awakening
254018,Solenia
142992,Gravwell: Escape from the 9th Dimension
206915,Tempel des Schreckens
179572,Dice City
42487,Lost Cities: The Board Game
338628,Trails
5716,Balloon Cup
271088,Ishtar: Gardens of Babylon
287938,Kitchen Rush (Revised Edition)
272682,Expedition to Newdale
300442,Trekking the World
2122,Vampire: The Eternal Struggle
223931,Sherlock Holmes Consulting Detective: Carlton House & Queen's Park
624,Quoridor
19999,Aton
254713,The Artemis Project
9446,Blue Moon
196202,Rum & Bones: Second Tide
216201,Robo Rally
139030,Mascarade
3284,Star Wars: Epic Duels
313889,Hoplomachus: Victorum
19237,Ca$h 'n Gun$
29934,Amyitis
194690,Viral
94362,Rune Age
166857,Antike II
142852,DC Comics Deck-Building Game: Heroes Unite
138431,Galaxy Defenders
2397,Backgammon
75165,De Vulgari Eloquentia
176229,Tides of Time
249746,Nanty Narking
66,Löwenherz
244995,Illusion
309110,Food Chain Island
191894,Imagine
283317,The 7th Continent: Classic Edition
175223,Valley of the Kings: Afterlife
1231,Bausack
37919,Ascending Empires
129051,Le Havre: The Inland Port
146910,Wildcatters
55829,Axis & Allies: Pacific 1940
299121,Machina Arcana (Second/Third Edition)
16496,Roma
902,Meuterer
369880,Beer & Bread
165950,Beasty Bar
6411,Blokus 3D
181810,Kodama: The Tree Spirits
196,Kremlin
169794,Haspelknecht: The Story of Early Coal Mining
71836,Onirim
438,Scotland Yard
492,Aladdin's Dragons
223740,Bargain Quest
481,Carolus Magnus
22877,Fields of Fire
341530,Super Mega Lucky Box
204,Stephenson's Rocket
120523,Nothing Personal
255675,Exit: The Game – The Catacombs of Horror
131366,Eight-Minute Empire
194626,Happy Salmon
101785,D-Day Dice
205317,DOOM: The Board Game
109125,Wallenstein (Second Edition)
335609,TEN
257527,Trapwords
131325,Timeline: General Interest
20542,Advanced Squad Leader: Starter Kit #3
18745,Sun Tzu
299252,Here to Slay
21550,Blokus Trigon
347137,Chronicles of Avel
24417,Factory Fun
330038,Llamaland
148943,Coup: Rebellion G54
195544,Tides of Madness
22,Magic Realm
166571,Tramways
594,Sleuth
210232,Dungeon Degenerates: Hand of Doom
1915,Middle-earth
232595,Skulk Hollow
339906,The Hunger
143175,Kashgar: Merchants of the Silk Road
24827,Traders of Osaka
94104,Omen: A Reign of War
201,The Rose King
3955,BANG!
172381,My Village
1568,Space Crusade
310192,Overboss: A Boss Monster Adventure
300001,Renature
258444,Gingerbread House
285533,Miyabi
3072,Necromunda
298638,Sheriff of Nottingham: 2nd Edition
176083,Hit Z Road
246200,Piepmatz
242,Junta
172220,Dungeons & Dragons: Temple of Elemental Evil Board Game
281474,Lands of Galzyr
353470,Star Wars: Jabba's Palace – A Love Letter Game
268586,6 nimmt! 25 Jahre
43022,Yomi
116954,Indigo
3228,Pueblo
252929,Planet
233678,Indian Summer
57925,Havana
170604,Renegade
115,I'm the Boss!
181524,Masmorra: Dungeons of Arcadia
217398,Path of Light and Shadow
7480,Sword of Rome
168,Empire Builder
264198,Warhammer Quest: Blackstone Fortress
367498,Horizons of Spirit Island
241477,Karak
312251,Curious Cargo
267127,Aerion
29223,Marrakech
360265,Sabika
13780,In the Shadow of the Emperor
218530,Tortuga 1667
2065,Shogi
125548,Pixel Tactics
285265,Rune Stones
144041,Patchistory
171662,Neanderthal
38713,Time's Up! Edición Amarilla
40209,RAF: The Battle of Britain 1940
13884,The Scepter of Zavandor
143986,CV
106662,Power Grid: The First Sparks
214396,Campy Creatures
2987,Pirate's Cove
156714,Doomtown: Reloaded
119,Kingdoms
230267,Dice Settlers
38862,Giants
122294,Ascension: Immortal Heroes
230889,Aristeia!
195043,Welcome Back to the Dungeon
323156,Stroganov
131111,Codex: Card-Time Strategy – Deluxe Set
38863,The Rich and the Good
152,Mü & More
1829,Risk 2210 A.D.
929,The Great Dalmuti
192860,Oceanos
92319,Olympos
193308,Spyfall 2
47055,High Frontier
102435,Navajo Wars
215840,Exit: The Game – The Forbidden Castle
195856,Bloodborne: The Card Game
423,1856: Railroading in Upper Canada from 1856
619,The Bottle Imp
33451,The Red Dragon Inn 2
34887,Revolution!
148951,Tiny Epic Kingdoms
245354,Unlock!: Secret Adventures – The Adventurers of Oz
915,Mystery of the Abbey
34194,Aquaretto
240567,Chocolate Factory
254192,Harry Potter: Hogwarts Battle – Defence Against the Dark Arts
313010,Cosmic Encounter: 42nd Anniversary Edition
319910,Pagan: Fate of Roanoke
363307,Evergreen
149776,Fireteam Zero
22484,Ingenious: Travel Edition
38343,Ad Astra
187700,GKR: Heavy Hitters
312318,Century: Golem Edition – An Endless World
39339,Android
63170,1817
58936,Wars of the Roses: Lancaster vs. York
269603,Minecraft: Builders & Biomes
367220,Sea Salt & Paper
2081,The Civil War 1861-1865
274124,Northgard: Uncharted Lands
183231,Adventure Land
331050,Disney Villainous: Despicable Plots
244916,Drop It
306882,Railroad Ink Challenge: Shining Yellow Edition
3097,1849: The Game of Sicilian Railways
103185,Walnut Grove
17223,World of Warcraft: The Boardgame
5206,Ogre
1198,SET
276830,Sanctum
40270,Call of Cthulhu: The Card Game
248158,Thanos Rising: Avengers Infinity War
295785,Euthia: Torment of Resurrection
26,Age of Renaissance
14254,PitchCar Mini
259298,The Ancient World (Second Edition)
31497,Oregon
200511,After the Empire
90040,Pergamon
275913,Bruxelles 1897
41933,Arctic Scavengers
193728,Pendragon: The Fall of Roman Britain
12761,Ys
284584,Troyes Dice
10093,Axis & Allies
221769,Bios: Megafauna (Second Edition)
310632,Dice Miner
24773,On the Underground
1544,Beyond Balderdash
55697,Power Struggle
270109,Iwari
267813,Adventure Games: The Dungeon
220133,Endangered
34297,The Climbers
3800,Himalaya
149951,Warfighter: The Tactical Special Forces Card Game
222542,Otys
178054,A Study in Emerald (Second Edition)
99975,Timeline: Discoveries
30658,Rise of Empires
283619,Century: Golem Edition – Eastern Mountains
494,Ave Caesar
61487,Unconditional Surrender! World War 2 in Europe
253759,Paint the Roses
38545,Kamisado
225167,Human Punishment: Social Deduction 2.0
235014,Sorcerer City
123607,Puzzle Strike: Third Edition
330608,Cryo
1499,World in Flames
264647,Age of Civilization
157917,The Lord of the Ice Garden
297486,Ride the Rails
226501,Dragonfire
286537,Burgle Bros 2: The Casino Capers
232361,After The Virus
266966,Dice Throne: Season Two – Gunslinger v. Samurai
98,Axis & Allies
8098,Jungle Speed
288513,Tranquility
168609,"Artifacts, Inc."
336929,Land vs Sea
260300,Dungeon Mayhem
26457,Successors (Third Edition)
165948,Mangrovia
230303,Unlock!: Mystery Adventures – The House on the Hill
318472,Blood Bowl: Second Season Edition
88827,Battle Cry: 150th Civil War Anniversary Edition
208895,New York Slice
218804,Imaginarium
73369,51st State
235555,Bios: Origins (Second Edition)
147253,The Ancient World
252446,Key Flow
701,A House Divided: War Between the States 1861-65
302260,Abandon All Artichokes
195571,Legendary Encounters: A Firefly Deck Building Game
96007,The New Era
205046,Capital Lux
6351,Gulo Gulo
280453,Masters of Renaissance: Lorenzo il Magnifico – The Card Game
158900,Samurai Spirit
3565,Mordheim: City of the Damned
206940,Carcassonne: Amazonas
223215,Flip Ships
8129,Sluff Off!
175307,Love Letter: Adventure Time
180020,Virus!
301716,Glasgow
282414,Pharaon
248861,Metro X
359970,Challengers!
295262,Sniper Elite: The Board Game
361,Hare & Tortoise
354570,Undaunted: Stalingrad
54137,Battle Sheep
280136,Paranormal Detectives
67877,Anomia
316786,Tabannusi: Builders of Ur
325555,Cantaloop: Book 1 – Breaking into Prison
138233,Ascension: Rise of Vigil
38718,Normandy '44
171011,Favor of the Pharaoh
123499,City of Iron
244513,ICECOOL2
43868,The Adventurers: The Temple of Chac
811,Rummikub
325698,Juicy Fruits
123239,Wits & Wagers Party
21920,Leonardo da Vinci
182189,Treasure Hunter
24310,The Red Dragon Inn
352697,Resist!
46396,Ubongo 3D
103092,Helvetia
111417,The Great Heartland Hauling Co.
251551,Dale of Merchants Collection
274841,Cóatl
254,Empires in Arms
29937,König von Siam
986,Babel
172996,The King Is Dead
237,Wooden Ships & Iron Men
157413,New Bedford
163805,Transatlantic
142079,Space Cadets: Dice Duel
12750,1860: Railways on the Isle of Wight
13308,Niagara
329873,GROVE: A 9 card solitaire game
220792,The Expanse Board Game
4636,Clans
267271,Egizia: Shifting Sands
332944,Sobek: 2 Players
210274,Petrichor
139771,Star Trek: Attack Wing
180199,"Colonial Twilight: The French-Algerian War, 1954-62"
136280,La Boca
143185,Smash Up: The Obligatory Cthulhu Set
8190,The Bridges of Shangri-La
107255,Evo (Second Edition)
328326,Fleet: The Dice Game (Second Edition)
259081,Machi Koro Legacy
22348,Duplik
2251,Strat-O-Matic Baseball
145189,Timeline: Music & Cinema
15511,Fjords
2808,The Russian Campaign
175293,Trambahn
269752,Noctiluca
32125,Felicity: The Cat in the Sack
5072,Carrom
273703,Altar Quest
269968,Exit: The Game – The Haunted Roller Coaster
350736,Voyages
282853,Catan: Starfarers
241831,Reykholt
35435,Nefertiti
169611,Love Letter: The Hobbit – The Battle of the Five Armies
2393,Xiangqi
122842,Exodus: Proxima Centauri
363247,Azul: Master Chocolatier
180592,Steam Time
70,Big City
275044,Glow
183284,Factory Funner
57660,Time's Up! Edición Azul
266083,L.L.A.M.A.
248125,Monumental
198487,Smash Up: Cease and Desist
4396,Odin's Ravens
146816,Sanssouci
27627,Talisman: Revised 4th Edition
104955,Antike Duellum
272427,Terramara
235375,Spirits of the Forest
91984,Québec
175549,Salem 1692
41010,My First Carcassonne
230305,Unlock!: Mystery Adventures – The Tonipal's Treasure
112138,Krosmaster: Arena
38386,A Castle for All Seasons
124172,Tsuro of the Seas
157096,Historia
146221,Forge War
252399,Vast: The Mysterious Manor
28089,Burg Appenzell
206084,Nautilion
171726,Project: ELITE
138649,DC Comics Dice Masters: Justice League
205610,A Game of Thrones: Hand of the King
37907,Diamonds Club
71074,Expedition: Northwest Passage
359152,Marvel: Remix
293835,Oltréé
347013,Get on Board: New York & London
298229,Steampunk Rally Fusion
24742,Cold War: CIA vs KGB
37387,Steel Driver
350458,Terracotta Army
19622,A Victory Lost: Crisis in Ukraine 1942-1943
344258,That Time You Killed Me
180852,Tiny Epic Western
211716,John Company
35503,Ra: The Dice Game
217083,LYNGK
324090,Scarface 1920
253618,5-Minute Marvel
42673,Field Commander: Napoleon
363369,Starship Captains
160902,Dungeons & Dragons Dice Masters: Battle for Faerûn
21551,SPQR (Deluxe Edition)
1107,Nyet!
174078,Holmes: Sherlock & Mycroft
730,Breakout: Normandy
1887,Legend of the Five Rings
1662,"Napoléon: The Waterloo Campaign, 1815"
228372,Iberian Gauge
38992,Royal Palace
202977,Cytosis: A Cell Biology Board Game
207572,Holland '44: Operation Market-Garden
1219,Labyrinth
267609,Guards of Atlantis II
295905,Cosmic Frog
256320,Fertility
113636,Edo
66510,The Red Dragon Inn 3
269725,Corinth
309105,Sagani
223376,A Song of Ice & Fire: Tabletop Miniatures Game – Stark vs Lannister Starter Set
174837,Sol: Last Days of a Star
238546,The Rise of Queensdale
250881,Dominations: Road to Civilization
398,Wildlife Safari
37358,Founding Fathers
293678,Stellar
230383,Memoarrr!
21133,Infinity N3: Core Book
157,Eurorails
338460,The Isle of Cats: Explore & Draw
3931,Mare Nostrum
63759,Seeland
146418,Warhammer: Diskwars
155255,Pax Pamir
163370,Carcassonne: Gold Rush
284121,Uprising: Curse of the Last Emperor
38765,Ground Floor
196496,Warfighter: The WWII Tactical Combat Card Game
49,Mamma Mia!
322656,burncycle
335212,Sentinels of the Multiverse: Definitive Edition
120,Hoity Toity
66588,Wits & Wagers Family
214484,HEXplore It: The Valley of the Dead King
216632,Tournament at Camelot
285905,Marvel: Crisis Protocol
16267,Trans Europa
526,Abalone
238393,Monolith Arena
248005,Ganymede
1032,B-17: Queen of the Skies
301919,Pandemic: Hot Zone – North America
145588,Citrus
56931,Arena: Roma II
6205,Europe Engulfed: WWII European Theatre Block Game
257732,Pax Transhumanity
240271,Core Space
192945,Coal Baron: The Great Card Game
24703,Heroscape Marvel: The Conflict Begins
331401,Dog Park
6901,Euchre
340,Frank's Zoo
12477,Bootleggers
195528,La Granja: No Siesta
144529,Theseus: The Dark Orbit
85005,The Boss
33154,Wasabi!
245931,Neta-Tanka: Deluxe Edition
155695,Age of War
281549,Beast
36648,Pyramid of Pengqueen
261594,Warhammer Underworlds: Nightvault
75358,Paris Connection
267378,Chakra
274450,Last Aurora
157026,Ascension: Realms Unraveled
181345,Dr. Eureka
300010,Dragomino
142961,Thunderstone Advance: Numenera
127997,Qin
179303,Cthulhu Realms
136955,Hands in the Sea
128667,Samurai Sword
342857,"Air, Land, and Sea: Critters at War"
125752,Race! Formula 90
300683,Meeple Land
356414,Space Station Phoenix
253684,Spring Meadow
113289,Snake Oil
128442,Relic
31105,Archaeology: The Card Game
218293,Rise to Nobility
317434,Exit: The Game – Advent Calendar: The Mystery of the Ice Cave
309430,Tiny Epic Pirates
318546,CoraQuest
73,Show Manager
174973,Boss Monster 2: The Next Level
205125,Ticket to Ride: First Journey (U.S.)
28259,Cutthroat Caverns
242653,Mysthea
232,Serenissima
155969,Harbour
162009,The U.S. Civil War
259374,Belratti
148203,Dutch Blitz
337787,Summer Camp
294514,5-Minute Mystery
168681,Beyond Baker Street
233208,D-Day Dice (Second Edition)
85325,Kolejka
284778,Unmatched: Jurassic Park – Dr. Sattler vs. T. Rex
243430,Dealt!
350205,Horseless Carriage
118695,Riff Raff
442,Um Reifenbreite
238656,Tiny Epic Defenders (Second Edition)
216428,Seikatsu
63543,Horus Heresy
73664,Cabo
98918,Bios: Genesis
34707,The Hanging Gardens
903,Hamsterrolle
36522,2 de Mayo
22192,HeroQuest Advanced Quest
65564,Hornet Leader: Carrier Air Operations
181819,Sorcerer
9441,Ribbit
168998,Marvel Dice Masters: Age of Ultron
184824,Gaslands: Post-Apocalyptic Vehicular Combat
17710,Conquest of the Empire
294702,Tenpenny Parks
143404,Castellion
67239,Catan Histories: Settlers of America – Trails to Rails
1117,You're Bluffing!
41863,Axis & Allies: 1942
134157,Guilds of London
266967,Dice Throne: Season Two – Cursed Pirate v. Artificer
118174,Compounded
204135,Skyjo
27225,Bananagrams
204184,Risk: Europe
84,Rommel in the Desert
140,Pit
169416,Pathfinder Adventure Card Game: Wrath of the Righteous – Base Set
187273,The Dresden Files Cooperative Card Game
198525,Lotus
231696,Bob Ross: Art of Chill Game
592,Spades
220367,Empyreal: Spells & Steam
32412,Palastgeflüster
23679,"Warriors of God: The Wars of England & France, 1135-1453"
321277,Tinners' Trail
120217,City of Horror
153507,Terra
215312,Stop Thief!
144239,Impulse
193737,Star Trek Panic
331106,The Witcher: Old World
249,Lifeboats
180771,Teenage Mutant Ninja Turtles: Shadows of the Past
176558,Mafia de Cuba
21954,Perikles
285775,KeyForge: Worlds Collide
34585,Keltis
129459,Duel of Ages II
303672,Trek 12: Himalaya
187653,Covert
277927,Bites
169318,City of Spies: Estoril 1942
9910,Wings of War: Watch Your Back!
332321,ALIEN: Fate of the Nostromo
198287,Legends of Andor: The Last Hope
339484,Savannah Park
236217,Timebomb
187680,Quests of Valeria
37141,Time's Up! Deluxe
39217,Fighting Formations: Grossdeutschland Motorized Infantry Division
222407,Lignum (Second Edition)
268012,Chronicles of Drunagor: Age of Darkness
320718,Hidden Leaders
204574,The Flow of History
12589,Razzia!
305985,Mountain Goats
7858,Ardennes '44: The Battle of the Bulge
156496,March of the Ants
472,DungeonQuest
189660,XenoShyft: Dreadmire
19526,Elasund: The First City
